,연월일,시간,공급량
0,2013-01-01,12.5,1958.7616190476201
1,2013-01-02,12.5,2336.6599523809527
2,2013-01-03,12.5,2560.321333333331
3,2013-01-04,12.5,2515.6860476190477
4,2013-01-05,12.5,2285.94642857143
5,2013-01-06,12.5,2113.443952380951
6,2013-01-07,12.5,2211.3311904761904
7,2013-01-08,12.5,2161.34038095238
8,2013-01-09,12.5,2279.224380952381
9,2013-01-10,12.5,2314.6689047619043
10,2013-01-11,12.5,2134.5500000000006
11,2013-01-12,12.5,1884.547380952381
12,2013-01-13,12.5,1785.3074285714285
13,2013-01-14,12.5,1951.286142857144
14,2013-01-15,12.5,1966.7594285714288
15,2013-01-16,12.5,1976.9599047619054
16,2013-01-17,12.5,2080.361761904762
17,2013-01-18,12.5,2048.899904761904
18,2013-01-19,12.5,1768.5552857142854
19,2013-01-20,12.5,1675.36738095238
20,2013-01-21,12.5,1737.6969523809523
21,2013-01-22,12.5,1637.080476190476
22,2013-01-23,12.5,1641.662523809524
23,2013-01-24,12.5,1784.768047619048
24,2013-01-25,12.5,2114.545619047619
25,2013-01-26,12.5,2110.955999999999
26,2013-01-27,12.5,2079.5359047619045
27,2013-01-28,12.5,2066.666952380952
28,2013-01-29,12.5,1829.6324761904757
29,2013-01-30,12.5,1633.0477142857144
30,2013-01-31,12.5,1491.0802380952384
31,2013-02-01,12.5,1417.4571904761906
32,2013-02-02,12.5,1521.43480952381
33,2013-02-03,12.5,1694.089428571428
34,2013-02-04,12.5,1752.9777142857135
35,2013-02-05,12.5,1841.669523809524
36,2013-02-06,12.5,1841.2979047619056
37,2013-02-07,12.5,2249.9753333333333
38,2013-02-08,12.5,2378.883857142858
39,2013-02-09,12.5,2042.060666666667
40,2013-02-10,12.5,1762.33480952381
41,2013-02-11,12.5,1911.8166190476193
42,2013-02-12,12.5,2014.7764761904753
43,2013-02-13,12.5,1914.3578095238097
44,2013-02-14,12.5,1788.5459047619051
45,2013-02-15,12.5,1764.406571428572
46,2013-02-16,12.5,1757.5134285714291
47,2013-02-17,12.5,1569.1433809523817
48,2013-02-18,12.5,1664.7475714285715
49,2013-02-19,12.5,1822.0188095238086
50,2013-02-20,12.5,1903.1437142857144
51,2013-02-21,12.5,1813.9799523809527
52,2013-02-22,12.5,1742.851285714285
53,2013-02-23,12.5,1696.542476190475
54,2013-02-24,12.5,1533.921000000001
55,2013-02-25,12.5,1579.4410476190485
56,2013-02-26,12.5,1518.9045714285717
57,2013-02-27,12.5,1447.229047619048
58,2013-02-28,12.5,1383.563238095238
59,2013-03-01,12.5,1378.2786190476186
60,2013-03-02,12.5,1465.6745714285717
61,2013-03-03,12.5,1445.4076666666672
62,2013-03-04,12.5,1521.6770476190477
63,2013-03-05,12.5,1501.8873809523807
64,2013-03-06,12.5,1381.291047619048
65,2013-03-07,12.5,1279.393666666667
66,2013-03-08,12.5,1214.9168571428565
67,2013-03-09,12.5,1034.7485238095242
68,2013-03-10,12.5,1187.8387142857139
69,2013-03-11,12.5,1329.3689523809517
70,2013-03-12,12.5,1286.2198571428573
71,2013-03-13,12.5,1302.8616190476187
72,2013-03-14,12.5,1326.3923809523799
73,2013-03-15,12.5,1316.2288571428571
74,2013-03-16,12.5,1198.7659523809527
75,2013-03-17,12.5,1107.4461904761904
76,2013-03-18,12.5,1141.2803333333327
77,2013-03-19,12.5,1154.8122857142857
78,2013-03-20,12.5,1320.8030476190472
79,2013-03-21,12.5,1423.144904761905
80,2013-03-22,12.5,1377.827857142857
81,2013-03-23,12.5,1244.4591904761899
82,2013-03-24,12.5,1186.916095238095
83,2013-03-25,12.5,1347.8686190476192
84,2013-03-26,12.5,1319.522476190476
85,2013-03-27,12.5,1227.7374285714282
86,2013-03-28,12.5,1206.4040000000002
87,2013-03-29,12.5,1234.5082857142859
88,2013-03-30,12.5,1196.6990000000008
89,2013-03-31,12.5,1121.90438095238
90,2013-04-01,12.5,1147.1547142857144
91,2013-04-02,12.5,1180.3451904761907
92,2013-04-03,12.5,1191.0001428571431
93,2013-04-04,12.5,1030.545238095238
94,2013-04-05,12.5,918.6527619047613
95,2013-04-06,12.5,988.142952380952
96,2013-04-07,12.5,1041.6614285714286
97,2013-04-08,12.5,1132.6723809523808
98,2013-04-09,12.5,1178.4421904761907
99,2013-04-10,12.5,1237.8687142857138
100,2013-04-11,12.5,1228.7677142857146
101,2013-04-12,12.5,1178.7763333333337
102,2013-04-13,12.5,1016.4293809523812
103,2013-04-14,12.5,981.7907619047626
104,2013-04-15,12.5,1137.4322857142859
105,2013-04-16,12.5,987.1331904761904
106,2013-04-17,12.5,882.0003333333337
107,2013-04-18,12.5,893.7681904761904
108,2013-04-19,12.5,935.5947142857142
109,2013-04-20,12.5,1002.0382380952384
110,2013-04-21,12.5,916.745857142857
111,2013-04-22,12.5,940.4131904761908
112,2013-04-23,12.5,993.5223333333332
113,2013-04-24,12.5,895.0712380952381
114,2013-04-25,12.5,959.7219047619051
115,2013-04-26,12.5,909.5951904761902
116,2013-04-27,12.5,804.1626190476187
117,2013-04-28,12.5,724.7886190476189
118,2013-04-29,12.5,796.542904761905
119,2013-04-30,12.5,788.5044761904761
120,2013-05-01,12.5,732.1802857142853
121,2013-05-02,12.5,772.975904761905
122,2013-05-03,12.5,774.6362857142853
123,2013-05-04,12.5,702.3177619047619
124,2013-05-05,12.5,654.1385714285716
125,2013-05-06,12.5,713.2972380952381
126,2013-05-07,12.5,682.7005238095238
127,2013-05-08,12.5,653.4633333333329
128,2013-05-09,12.5,642.953238095238
129,2013-05-10,12.5,677.0038095238095
130,2013-05-11,12.5,610.0950476190474
131,2013-05-12,12.5,543.9723809523808
132,2013-05-13,12.5,593.4957619047617
133,2013-05-14,12.5,591.8035238095241
134,2013-05-15,12.5,585.9473333333333
135,2013-05-16,12.5,576.7799523809525
136,2013-05-17,12.5,499.74728571428597
137,2013-05-18,12.5,493.04857142857145
138,2013-05-19,12.5,500.8425238095235
139,2013-05-20,12.5,597.3435714285714
140,2013-05-21,12.5,602.586857142857
141,2013-05-22,12.5,594.7490952380949
142,2013-05-23,12.5,585.587619047619
143,2013-05-24,12.5,565.9623333333335
144,2013-05-25,12.5,488.84
145,2013-05-26,12.5,429.01080952380954
146,2013-05-27,12.5,534.0472857142854
147,2013-05-28,12.5,548.1662857142853
148,2013-05-29,12.5,561.9086666666664
149,2013-05-30,12.5,555.2242857142857
150,2013-05-31,12.5,535.8165238095241
151,2013-06-01,12.5,474.1648095238096
152,2013-06-02,12.5,430.12076190476216
153,2013-06-03,12.5,519.8749523809528
154,2013-06-04,12.5,532.1879523809528
155,2013-06-05,12.5,525.6906666666669
156,2013-06-06,12.5,447.2841904761904
157,2013-06-07,12.5,499.9099523809523
158,2013-06-08,12.5,434.3878095238094
159,2013-06-09,12.5,379.03738095238106
160,2013-06-10,12.5,500.71771428571395
161,2013-06-11,12.5,502.7324761904764
162,2013-06-12,12.5,494.06142857142845
163,2013-06-13,12.5,502.4146190476189
164,2013-06-14,12.5,510.1191904761905
165,2013-06-15,12.5,426.40242857142886
166,2013-06-16,12.5,377.49461904761904
167,2013-06-17,12.5,487.9848571428569
168,2013-06-18,12.5,502.2299047619045
169,2013-06-19,12.5,504.93457142857153
170,2013-06-20,12.5,505.90776190476225
171,2013-06-21,12.5,507.29419047619064
172,2013-06-22,12.5,426.1939523809523
173,2013-06-23,12.5,368.6117619047619
174,2013-06-24,12.5,483.2414761904761
175,2013-06-25,12.5,498.98038095238087
176,2013-06-26,12.5,493.25790476190474
177,2013-06-27,12.5,498.6904761904759
178,2013-06-28,12.5,494.0773333333332
179,2013-06-29,12.5,421.43052380952383
180,2013-06-30,12.5,366.94047619047643
181,2013-07-01,12.5,477.1329999999998
182,2013-07-02,12.5,495.21928571428555
183,2013-07-03,12.5,487.3476666666669
184,2013-07-04,12.5,497.8691428571431
185,2013-07-05,12.5,486.7781428571429
186,2013-07-06,12.5,413.5281428571429
187,2013-07-07,12.5,369.6581428571429
188,2013-07-08,12.5,488.7002380952382
189,2013-07-09,12.5,497.5175714285716
190,2013-07-10,12.5,497.13271428571466
191,2013-07-11,12.5,505.3491904761901
192,2013-07-12,12.5,503.00409523809554
193,2013-07-13,12.5,449.72309523809537
194,2013-07-14,12.5,391.16328571428556
195,2013-07-15,12.5,510.53728571428593
196,2013-07-16,12.5,504.9264761904763
197,2013-07-17,12.5,504.12719047619015
198,2013-07-18,12.5,529.4887619047622
199,2013-07-19,12.5,507.6504761904763
200,2013-07-20,12.5,430.25147619047624
201,2013-07-21,12.5,378.27566666666655
202,2013-07-22,12.5,489.1863809523807
203,2013-07-23,12.5,518.9910952380951
204,2013-07-24,12.5,482.18895238095257
205,2013-07-25,12.5,496.01585714285716
206,2013-07-26,12.5,505.72152380952383
207,2013-07-27,12.5,436.9421904761903
208,2013-07-28,12.5,386.53909523809523
209,2013-07-29,12.5,478.5251428571428
210,2013-07-30,12.5,475.47442857142875
211,2013-07-31,12.5,461.2249523809523
212,2013-08-01,12.5,453.91338095238126
213,2013-08-02,12.5,451.90909523809535
214,2013-08-03,12.5,387.9896190476191
215,2013-08-04,12.5,360.7200476190478
216,2013-08-05,12.5,464.4489523809521
217,2013-08-06,12.5,467.0783333333337
218,2013-08-07,12.5,478.7688571428574
219,2013-08-08,12.5,495.5138095238096
220,2013-08-09,12.5,493.99138095238135
221,2013-08-10,12.5,419.5770952380952
222,2013-08-11,12.5,361.4674761904761
223,2013-08-12,12.5,496.6263333333333
224,2013-08-13,12.5,487.73647619047637
225,2013-08-14,12.5,484.71047619047613
226,2013-08-15,12.5,395.2780952380953
227,2013-08-16,12.5,476.9771904761907
228,2013-08-17,12.5,395.9838571428574
229,2013-08-18,12.5,344.4472857142858
230,2013-08-19,12.5,479.7539047619046
231,2013-08-20,12.5,492.8557619047618
232,2013-08-21,12.5,492.8167142857146
233,2013-08-22,12.5,509.67247619047606
234,2013-08-23,12.5,483.09961904761934
235,2013-08-24,12.5,399.4226666666668
236,2013-08-25,12.5,342.1791428571429
237,2013-08-26,12.5,467.0639523809525
238,2013-08-27,12.5,476.59304761904787
239,2013-08-28,12.5,477.45080952381
240,2013-08-29,12.5,477.34990476190467
241,2013-08-30,12.5,471.6204285714289
242,2013-08-31,12.5,391.9418571428573
243,2013-09-01,12.5,333.3786190476191
244,2013-09-02,12.5,463.9800476190477
245,2013-09-03,12.5,494.7028571428569
246,2013-09-04,12.5,498.06138095238083
247,2013-09-05,12.5,502.05038095238126
248,2013-09-06,12.5,494.3495714285712
249,2013-09-07,12.5,437.740476190476
250,2013-09-08,12.5,384.4769047619048
251,2013-09-09,12.5,487.8525238095238
252,2013-09-10,12.5,517.2192380952382
253,2013-09-11,12.5,518.8750952380952
254,2013-09-12,12.5,517.2216666666665
255,2013-09-13,12.5,521.8870476190476
256,2013-09-14,12.5,460.85790476190493
257,2013-09-15,12.5,408.25666666666706
258,2013-09-16,12.5,500.6055238095239
259,2013-09-17,12.5,483.90766666666656
260,2013-09-18,12.5,364.39366666666666
261,2013-09-19,12.5,289.97314285714293
262,2013-09-20,12.5,313.24228571428563
263,2013-09-21,12.5,351.1397619047619
264,2013-09-22,12.5,372.465142857143
265,2013-09-23,12.5,502.99252380952373
266,2013-09-24,12.5,520.5909523809523
267,2013-09-25,12.5,521.342
268,2013-09-26,12.5,544.6852857142851
269,2013-09-27,12.5,548.6661904761903
270,2013-09-28,12.5,524.5438095238095
271,2013-09-29,12.5,488.88452380952367
272,2013-09-30,12.5,536.1442857142853
273,2013-10-01,12.5,549.449
274,2013-10-02,12.5,554.7085714285715
275,2013-10-03,12.5,542.4659047619045
276,2013-10-04,12.5,571.7600952380955
277,2013-10-05,12.5,517.602142857143
278,2013-10-06,12.5,446.13042857142875
279,2013-10-07,12.5,523.5445714285715
280,2013-10-08,12.5,550.2977142857146
281,2013-10-09,12.5,506.7174285714285
282,2013-10-10,12.5,542.4291904761906
283,2013-10-11,12.5,554.1169523809522
284,2013-10-12,12.5,531.613095238095
285,2013-10-13,12.5,467.15495238095235
286,2013-10-14,12.5,566.5022380952379
287,2013-10-15,12.5,698.5700000000003
288,2013-10-16,12.5,748.0478095238099
289,2013-10-17,12.5,743.7395714285716
290,2013-10-18,12.5,731.514095238095
291,2013-10-19,12.5,687.696619047619
292,2013-10-20,12.5,590.9020476190477
293,2013-10-21,12.5,661.4656190476193
294,2013-10-22,12.5,686.5495238095235
295,2013-10-23,12.5,687.7120476190478
296,2013-10-24,12.5,734.8689523809526
297,2013-10-25,12.5,822.4404761904761
298,2013-10-26,12.5,787.3012380952377
299,2013-10-27,12.5,739.6506666666672
300,2013-10-28,12.5,822.2054761904762
301,2013-10-29,12.5,859.2305714285711
302,2013-10-30,12.5,877.7232380952377
303,2013-10-31,12.5,885.086238095238
304,2013-11-01,12.5,831.8201904761916
305,2013-11-02,12.5,816.257047619048
306,2013-11-03,12.5,769.4139999999999
307,2013-11-04,12.5,829.3336190476191
308,2013-11-05,12.5,865.3981428571433
309,2013-11-06,12.5,891.5182857142858
310,2013-11-07,12.5,888.9049523809526
311,2013-11-08,12.5,984.1968571428569
312,2013-11-09,12.5,922.5247619047617
313,2013-11-10,12.5,1007.1787619047615
314,2013-11-11,12.5,1257.5182857142859
315,2013-11-12,12.5,1325.203238095238
316,2013-11-13,12.5,1300.7117619047615
317,2013-11-14,12.5,1277.2963333333332
318,2013-11-15,12.5,1188.8337619047613
319,2013-11-16,12.5,1136.319523809524
320,2013-11-17,12.5,1162.2436666666658
321,2013-11-18,12.5,1473.0013809523819
322,2013-11-19,12.5,1577.8989047619052
323,2013-11-20,12.5,1569.3922380952374
324,2013-11-21,12.5,1502.7521428571424
325,2013-11-22,12.5,1419.3422380952381
326,2013-11-23,12.5,1242.5353333333335
327,2013-11-24,12.5,1203.3779523809524
328,2013-11-25,12.5,1418.4630476190475
329,2013-11-26,12.5,1535.1826190476186
330,2013-11-27,12.5,1629.6573809523813
331,2013-11-28,12.5,1800.843333333334
332,2013-11-29,12.5,1700.5278095238104
333,2013-11-30,12.5,1435.597523809523
334,2013-12-01,12.5,1341.125380952381
335,2013-12-02,12.5,1500.4555714285711
336,2013-12-03,12.5,1390.0079523809527
337,2013-12-04,12.5,1397.811380952381
338,2013-12-05,12.5,1378.618714285715
339,2013-12-06,12.5,1451.1133333333325
340,2013-12-07,12.5,1289.7290476190476
341,2013-12-08,12.5,1285.7495714285715
342,2013-12-09,12.5,1453.2878571428573
343,2013-12-10,12.5,1581.9434761904763
344,2013-12-11,12.5,1711.2478571428576
345,2013-12-12,12.5,1844.4980952380956
346,2013-12-13,12.5,1973.7649999999987
347,2013-12-14,12.5,1889.9477142857145
348,2013-12-15,12.5,1794.9023809523806
349,2013-12-16,12.5,1951.2180476190467
350,2013-12-17,12.5,1851.9835714285732
351,2013-12-18,12.5,1699.0152380952388
352,2013-12-19,12.5,1869.4622380952378
353,2013-12-20,12.5,1928.5421904761915
354,2013-12-21,12.5,1785.041857142858
355,2013-12-22,12.5,1710.666523809524
356,2013-12-23,12.5,1767.6577619047614
357,2013-12-24,12.5,1782.2449047619043
358,2013-12-25,12.5,1657.852047619048
359,2013-12-26,12.5,1772.958333333332
360,2013-12-27,12.5,1981.7119523809529
361,2013-12-28,12.5,1924.7630000000001
362,2013-12-29,12.5,1803.6608571428574
363,2013-12-30,12.5,1737.3067142857149
364,2013-12-31,12.5,1612.2557142857147
365,2014-01-01,12.5,1423.187523809523
366,2014-01-02,12.5,1535.2143809523802
367,2014-01-03,12.5,1558.1970952380952
368,2014-01-04,12.5,1514.8212380952375
369,2014-01-05,12.5,1516.3259523809525
370,2014-01-06,12.5,1664.9018095238096
371,2014-01-07,12.5,1627.9605238095232
372,2014-01-08,12.5,1679.514714285715
373,2014-01-09,12.5,2023.3321904761906
374,2014-01-10,12.5,1994.363476190476
375,2014-01-11,12.5,1772.6247619047633
376,2014-01-12,12.5,1719.9069047619046
377,2014-01-13,12.5,2030.2230476190493
378,2014-01-14,12.5,1984.2272857142857
379,2014-01-15,12.5,1924.5489999999998
380,2014-01-16,12.5,1834.8581428571435
381,2014-01-17,12.5,1782.3750000000005
382,2014-01-18,12.5,1722.82480952381
383,2014-01-19,12.5,1694.2225238095236
384,2014-01-20,12.5,1827.2200476190483
385,2014-01-21,12.5,1978.4787619047606
386,2014-01-22,12.5,1947.191095238095
387,2014-01-23,12.5,1829.8179523809515
388,2014-01-24,12.5,1681.9572857142855
389,2014-01-25,12.5,1507.9547142857136
390,2014-01-26,12.5,1582.4936666666672
391,2014-01-27,12.5,1725.4910476190482
392,2014-01-28,12.5,1644.132666666667
393,2014-01-29,12.5,1615.235761904762
394,2014-01-30,12.5,1362.1839999999988
395,2014-01-31,12.5,1302.306571428572
396,2014-02-01,12.5,1331.424047619048
397,2014-02-02,12.5,1354.6768095238092
398,2014-02-03,12.5,1760.0764761904768
399,2014-02-04,12.5,2031.826142857143
400,2014-02-05,12.5,1985.9753809523809
401,2014-02-06,12.5,1849.1856666666665
402,2014-02-07,12.5,1715.801809523811
403,2014-02-08,12.5,1615.209095238095
404,2014-02-09,12.5,1591.3821904761903
405,2014-02-10,12.5,1708.2611904761904
406,2014-02-11,12.5,1698.5262380952383
407,2014-02-12,12.5,1650.502571428571
408,2014-02-13,12.5,1615.8480000000006
409,2014-02-14,12.5,1548.3939047619047
410,2014-02-15,12.5,1425.5019047619044
411,2014-02-16,12.5,1363.8239523809523
412,2014-02-17,12.5,1457.9228095238093
413,2014-02-18,12.5,1504.6230476190476
414,2014-02-19,12.5,1515.4562857142857
415,2014-02-20,12.5,1539.959238095238
416,2014-02-21,12.5,1542.7899999999997
417,2014-02-22,12.5,1429.85419047619
418,2014-02-23,12.5,1341.3700952380948
419,2014-02-24,12.5,1427.7947619047623
420,2014-02-25,12.5,1366.879666666667
421,2014-02-26,12.5,1275.8781904761915
422,2014-02-27,12.5,1215.7174761904762
423,2014-02-28,12.5,1215.1648095238097
424,2014-03-01,12.5,1123.809285714286
425,2014-03-02,12.5,1147.217761904762
426,2014-03-03,12.5,1278.3926666666662
427,2014-03-04,12.5,1293.8156666666662
428,2014-03-05,12.5,1440.8544285714286
429,2014-03-06,12.5,1536.753142857143
430,2014-03-07,12.5,1584.3134285714284
431,2014-03-08,12.5,1424.5826666666667
432,2014-03-09,12.5,1383.3990952380946
433,2014-03-10,12.5,1509.766904761905
434,2014-03-11,12.5,1444.6068571428564
435,2014-03-12,12.5,1371.194428571429
436,2014-03-13,12.5,1381.0173333333337
437,2014-03-14,12.5,1382.1904285714288
438,2014-03-15,12.5,1243.4479523809518
439,2014-03-16,12.5,1031.64219047619
440,2014-03-17,12.5,1041.113142857143
441,2014-03-18,12.5,1011.8371428571425
442,2014-03-19,12.5,1052.557857142857
443,2014-03-20,12.5,1144.6449523809522
444,2014-03-21,12.5,1178.9787142857142
445,2014-03-22,12.5,1050.550476190476
446,2014-03-23,12.5,951.1502857142858
447,2014-03-24,12.5,1015.2261428571428
448,2014-03-25,12.5,907.8395238095237
449,2014-03-26,12.5,840.7220952380952
450,2014-03-27,12.5,846.7826666666664
451,2014-03-28,12.5,777.1980476190475
452,2014-03-29,12.5,730.9516190476191
453,2014-03-30,12.5,682.3590476190479
454,2014-03-31,12.5,763.9582857142856
455,2014-04-01,12.5,757.8014761904765
456,2014-04-02,12.5,744.5079047619048
457,2014-04-03,12.5,855.4766190476191
458,2014-04-04,12.5,969.7303333333333
459,2014-04-05,12.5,960.9579999999994
460,2014-04-06,12.5,949.1694761904766
461,2014-04-07,12.5,951.6806666666668
462,2014-04-08,12.5,899.5644761904765
463,2014-04-09,12.5,887.9966666666666
464,2014-04-10,12.5,846.3603333333331
465,2014-04-11,12.5,807.1137142857139
466,2014-04-12,12.5,746.2945238095238
467,2014-04-13,12.5,645.2076190476191
468,2014-04-14,12.5,697.9502857142853
469,2014-04-15,12.5,735.4421428571427
470,2014-04-16,12.5,737.8187619047617
471,2014-04-17,12.5,748.1034285714288
472,2014-04-18,12.5,705.9763809523813
473,2014-04-19,12.5,692.007619047619
474,2014-04-20,12.5,636.3059523809526
475,2014-04-21,12.5,683.4016666666669
476,2014-04-22,12.5,677.5074285714281
477,2014-04-23,12.5,655.508761904762
478,2014-04-24,12.5,629.1733333333336
479,2014-04-25,12.5,608.6367142857144
480,2014-04-26,12.5,561.4212857142857
481,2014-04-27,12.5,539.774047619048
482,2014-04-28,12.5,667.8463333333332
483,2014-04-29,12.5,674.7199523809517
484,2014-04-30,12.5,637.3083809523813
485,2014-05-01,12.5,585.4920000000001
486,2014-05-02,12.5,609.4537619047621
487,2014-05-03,12.5,591.6514285714284
488,2014-05-04,12.5,562.0310952380954
489,2014-05-05,12.5,602.8275714285716
490,2014-05-06,12.5,637.2093333333332
491,2014-05-07,12.5,679.6788571428567
492,2014-05-08,12.5,687.6799999999997
493,2014-05-09,12.5,663.7638095238098
494,2014-05-10,12.5,575.2354285714282
495,2014-05-11,12.5,534.2177619047619
496,2014-05-12,12.5,619.0256666666669
497,2014-05-13,12.5,595.933761904762
498,2014-05-14,12.5,573.4128095238093
499,2014-05-15,12.5,573.0888095238095
500,2014-05-16,12.5,573.9247619047617
501,2014-05-17,12.5,512.6282380952382
502,2014-05-18,12.5,453.0632857142856
503,2014-05-19,12.5,537.7454285714282
504,2014-05-20,12.5,546.7048571428571
505,2014-05-21,12.5,548.500476190476
506,2014-05-22,12.5,545.5009523809523
507,2014-05-23,12.5,529.4963809523808
508,2014-05-24,12.5,470.03376190476166
509,2014-05-25,12.5,422.39000000000004
510,2014-05-26,12.5,514.0945714285715
511,2014-05-27,12.5,526.7603333333334
512,2014-05-28,12.5,523.8471904761902
513,2014-05-29,12.5,524.7309047619049
514,2014-05-30,12.5,520.2623333333335
515,2014-05-31,12.5,452.0496666666667
516,2014-06-01,12.5,394.1931428571428
517,2014-06-02,12.5,497.1471904761906
518,2014-06-03,12.5,502.28314285714276
519,2014-06-04,12.5,454.4861904761902
520,2014-06-05,12.5,488.3122380952381
521,2014-06-06,12.5,418.2798571428568
522,2014-06-07,12.5,403.12842857142857
523,2014-06-08,12.5,372.7914285714286
524,2014-06-09,12.5,497.7808571428571
525,2014-06-10,12.5,515.477666666667
526,2014-06-11,12.5,520.9162380952384
527,2014-06-12,12.5,518.2971904761905
528,2014-06-13,12.5,508.1144285714284
529,2014-06-14,12.5,439.69861904761933
530,2014-06-15,12.5,387.22657142857145
531,2014-06-16,12.5,495.7342380952382
532,2014-06-17,12.5,511.3802857142858
533,2014-06-18,12.5,513.2179523809522
534,2014-06-19,12.5,510.4891428571427
535,2014-06-20,12.5,507.9583809523806
536,2014-06-21,12.5,430.29790476190453
537,2014-06-22,12.5,378.1366666666666
538,2014-06-23,12.5,492.2669523809526
539,2014-06-24,12.5,508.6829047619046
540,2014-06-25,12.5,515.3226666666667
541,2014-06-26,12.5,513.5402857142852
542,2014-06-27,12.5,511.80147619047614
543,2014-06-28,12.5,423.5312857142856
544,2014-06-29,12.5,372.7521904761905
545,2014-06-30,12.5,492.9152380952381
546,2014-07-01,12.5,508.7542380952383
547,2014-07-02,12.5,509.5406190476186
548,2014-07-03,12.5,497.9980476190477
549,2014-07-04,12.5,497.1154285714284
550,2014-07-05,12.5,420.0612380952381
551,2014-07-06,12.5,363.7286666666666
552,2014-07-07,12.5,491.8875238095241
553,2014-07-08,12.5,505.7360000000001
554,2014-07-09,12.5,512.4315714285714
555,2014-07-10,12.5,508.55776190476143
556,2014-07-11,12.5,503.6574761904758
557,2014-07-12,12.5,415.6929523809523
558,2014-07-13,12.5,357.85052380952385
559,2014-07-14,12.5,484.6271904761902
560,2014-07-15,12.5,507.2491904761907
561,2014-07-16,12.5,503.3823333333333
562,2014-07-17,12.5,505.22466666666617
563,2014-07-18,12.5,507.4252380952381
564,2014-07-19,12.5,418.1095238095237
565,2014-07-20,12.5,361.3810476190477
566,2014-07-21,12.5,485.7960476190477
567,2014-07-22,12.5,501.1673333333334
568,2014-07-23,12.5,492.76914285714287
569,2014-07-24,12.5,483.3365714285716
570,2014-07-25,12.5,501.58885714285714
571,2014-07-26,12.5,411.10552380952385
572,2014-07-27,12.5,357.89295238095224
573,2014-07-28,12.5,471.2180476190474
574,2014-07-29,12.5,482.9010476190476
575,2014-07-30,12.5,474.07933333333324
576,2014-07-31,12.5,464.1223333333334
577,2014-08-01,12.5,444.2230476190475
578,2014-08-02,12.5,364.249238095238
579,2014-08-03,12.5,331.5901904761905
580,2014-08-04,12.5,434.14795238095223
581,2014-08-05,12.5,450.03428571428583
582,2014-08-06,12.5,454.6824285714285
583,2014-08-07,12.5,471.2879047619049
584,2014-08-08,12.5,470.38766666666663
585,2014-08-09,12.5,406.7846190476187
586,2014-08-10,12.5,359.6651904761905
587,2014-08-11,12.5,471.60538095238104
588,2014-08-12,12.5,489.4051904761903
589,2014-08-13,12.5,484.474619047619
590,2014-08-14,12.5,478.56061904761884
591,2014-08-15,12.5,400.5519523809523
592,2014-08-16,12.5,389.48566666666676
593,2014-08-17,12.5,362.0519999999999
594,2014-08-18,12.5,467.8314761904762
595,2014-08-19,12.5,480.44247619047593
596,2014-08-20,12.5,489.6475714285716
597,2014-08-21,12.5,495.39790476190484
598,2014-08-22,12.5,491.5136666666665
599,2014-08-23,12.5,413.36809523809507
600,2014-08-24,12.5,361.3241428571428
601,2014-08-25,12.5,487.85899999999975
602,2014-08-26,12.5,508.47133333333346
603,2014-08-27,12.5,508.25195238095216
604,2014-08-28,12.5,511.32419047619067
605,2014-08-29,12.5,506.3813035714285
606,2014-08-30,12.5,422.9791904761903
607,2014-08-31,12.5,378.03895238095237
608,2014-09-01,12.5,501.2653809523807
609,2014-09-02,12.5,511.7939523809524
610,2014-09-03,12.5,513.6138571428572
611,2014-09-04,12.5,509.2689999999997
612,2014-09-05,12.5,493.3957142857147
613,2014-09-06,12.5,389.99547619047604
614,2014-09-07,12.5,336.4403333333333
615,2014-09-08,12.5,281.06828571428565
616,2014-09-09,12.5,300.47861904761896
617,2014-09-10,12.5,365.3032380952384
618,2014-09-11,12.5,476.6789047619047
619,2014-09-12,12.5,501.85628571428555
620,2014-09-13,12.5,442.26457142857146
621,2014-09-14,12.5,379.81080952380955
622,2014-09-15,12.5,489.0088095238096
623,2014-09-16,12.5,508.066904761905
624,2014-09-17,12.5,500.2831904761904
625,2014-09-18,12.5,504.3550000000001
626,2014-09-19,12.5,506.82152380952374
627,2014-09-20,12.5,445.6540476190474
628,2014-09-21,12.5,398.3013809523808
629,2014-09-22,12.5,496.48071428571444
630,2014-09-23,12.5,504.8075714285713
631,2014-09-24,12.5,499.9200000000002
632,2014-09-25,12.5,502.4370476190478
633,2014-09-26,12.5,499.5878571428571
634,2014-09-27,12.5,440.3883333333336
635,2014-09-28,12.5,393.0391428571428
636,2014-09-29,12.5,497.03942857142863
637,2014-09-30,12.5,513.2000952380955
638,2014-10-01,12.5,516.2157142857143
639,2014-10-02,12.5,522.0156190476189
640,2014-10-03,12.5,486.42938095238105
641,2014-10-04,12.5,480.7771904761903
642,2014-10-05,12.5,467.923761904762
643,2014-10-06,12.5,564.7133333333335
644,2014-10-07,12.5,588.3840000000002
645,2014-10-08,12.5,585.109
646,2014-10-09,12.5,525.7288571428572
647,2014-10-10,12.5,544.1738571428574
648,2014-10-11,12.5,489.7620000000001
649,2014-10-12,12.5,445.4161904761907
650,2014-10-13,12.5,553.8344761904764
651,2014-10-14,12.5,614.9423333333332
652,2014-10-15,12.5,640.0259047619047
653,2014-10-16,12.5,681.2250476190474
654,2014-10-17,12.5,689.4652380952384
655,2014-10-18,12.5,607.9069999999998
656,2014-10-19,12.5,549.069428571429
657,2014-10-20,12.5,663.0519047619046
658,2014-10-21,12.5,716.3085714285717
659,2014-10-22,12.5,720.6031904761905
660,2014-10-23,12.5,727.8483333333336
661,2014-10-24,12.5,699.5814761904766
662,2014-10-25,12.5,627.9720952380956
663,2014-10-26,12.5,587.7527142857141
664,2014-10-27,12.5,766.8811428571428
665,2014-10-28,12.5,839.8341428571426
666,2014-10-29,12.5,830.6225238095233
667,2014-10-30,12.5,807.1387142857145
668,2014-10-31,12.5,778.3873809523807
669,2014-11-01,12.5,657.7294761904761
670,2014-11-02,12.5,717.6578571428571
671,2014-11-03,12.5,888.9919047619048
672,2014-11-04,12.5,876.4116666666665
673,2014-11-05,12.5,855.6092857142854
674,2014-11-06,12.5,824.0045238095244
675,2014-11-07,12.5,891.297666666667
676,2014-11-08,12.5,855.2414285714289
677,2014-11-09,12.5,831.4458571428572
678,2014-11-10,12.5,953.3725714285716
679,2014-11-11,12.5,979.125285714285
680,2014-11-12,12.5,1131.073714285714
681,2014-11-13,12.5,1382.7560476190472
682,2014-11-14,12.5,1338.7773333333334
683,2014-11-15,12.5,1211.4586190476186
684,2014-11-16,12.5,1113.9696190476193
685,2014-11-17,12.5,1203.3109999999995
686,2014-11-18,12.5,1268.1149047619042
687,2014-11-19,12.5,1278.0300476190478
688,2014-11-20,12.5,1206.6643809523812
689,2014-11-21,12.5,1100.8179523809526
690,2014-11-22,12.5,986.2511904761909
691,2014-11-23,12.5,974.8252380952387
692,2014-11-24,12.5,1076.1996190476186
693,2014-11-25,12.5,1089.3435714285708
694,2014-11-26,12.5,1049.7547619047618
695,2014-11-27,12.5,1049.802238095238
696,2014-11-28,12.5,1094.161238095238
697,2014-11-29,12.5,1043.433904761905
698,2014-11-30,12.5,1021.0418571428567
699,2014-12-01,12.5,1500.2482857142859
700,2014-12-02,12.5,1802.323952380953
701,2014-12-03,12.5,1791.3307619047614
702,2014-12-04,12.5,1847.0557142857147
703,2014-12-05,12.5,1979.5918095238078
704,2014-12-06,12.5,1867.8410952380952
705,2014-12-07,12.5,1782.029285714287
706,2014-12-08,12.5,1822.207952380952
707,2014-12-09,12.5,1843.864666666667
708,2014-12-10,12.5,1737.587809523809
709,2014-12-11,12.5,1751.5426190476178
710,2014-12-12,12.5,1857.619285714286
711,2014-12-13,12.5,1829.9643809523814
712,2014-12-14,12.5,1786.5228571428565
713,2014-12-15,12.5,1824.4054761904758
714,2014-12-16,12.5,1981.112285714285
715,2014-12-17,12.5,2244.015047619048
716,2014-12-18,12.5,2216.312047619046
717,2014-12-19,12.5,2086.995952380953
718,2014-12-20,12.5,1802.3881428571424
719,2014-12-21,12.5,1874.518190476192
720,2014-12-22,12.5,2030.9354285714296
721,2014-12-23,12.5,1939.1431428571411
722,2014-12-24,12.5,1744.380714285713
723,2014-12-25,12.5,1695.4513333333325
724,2014-12-26,12.5,1830.860476190475
725,2014-12-27,12.5,1703.9863809523813
726,2014-12-28,12.5,1633.0943333333332
727,2014-12-29,12.5,1665.0589523809522
728,2014-12-30,12.5,1630.2651904761906
729,2014-12-31,12.5,1738.4950952380948
730,2015-01-01,12.5,1821.7188095238093
731,2015-01-02,12.5,1930.8709523809528
732,2015-01-03,12.5,1774.6925714285715
733,2015-01-04,12.5,1540.9368571428577
734,2015-01-05,12.5,1629.4190952380952
735,2015-01-06,12.5,1778.8550952380956
736,2015-01-07,12.5,1930.1480476190482
737,2015-01-08,12.5,1940.9536190476204
738,2015-01-09,12.5,1856.3581904761893
739,2015-01-10,12.5,1669.2782380952378
740,2015-01-11,12.5,1585.4291428571426
741,2015-01-12,12.5,1818.867238095238
742,2015-01-13,12.5,1764.4150952380962
743,2015-01-14,12.5,1663.8751904761905
744,2015-01-15,12.5,1571.242714285714
745,2015-01-16,12.5,1642.0362857142861
746,2015-01-17,12.5,1694.7343809523813
747,2015-01-18,12.5,1637.6827142857142
748,2015-01-19,12.5,1698.7108095238098
749,2015-01-20,12.5,1736.8691904761904
750,2015-01-21,12.5,1634.2844285714289
751,2015-01-22,12.5,1556.9551904761906
752,2015-01-23,12.5,1591.2702380952383
753,2015-01-24,12.5,1422.8139999999996
754,2015-01-25,12.5,1400.1871904761904
755,2015-01-26,12.5,1487.4264761904753
756,2015-01-27,12.5,1699.4604285714272
757,2015-01-28,12.5,1826.0576666666664
758,2015-01-29,12.5,1763.2458095238096
759,2015-01-30,12.5,1779.7912857142849
760,2015-01-31,12.5,1743.2801428571422
761,2015-02-01,12.5,1658.4660952380952
762,2015-02-02,12.5,1752.5150952380957
763,2015-02-03,12.5,1704.893666666667
764,2015-02-04,12.5,1667.9693333333332
765,2015-02-05,12.5,1668.2022857142854
766,2015-02-06,12.5,1642.4414285714277
767,2015-02-07,12.5,1550.4361904761904
768,2015-02-08,12.5,1870.3683333333347
769,2015-02-09,12.5,2037.8158571428576
770,2015-02-10,12.5,1759.9614761904766
771,2015-02-11,12.5,1610.966428571429
772,2015-02-12,12.5,1734.9951428571421
773,2015-02-13,12.5,1732.4262380952364
774,2015-02-14,12.5,1582.1150952380947
775,2015-02-15,12.5,1321.8473809523807
776,2015-02-16,12.5,1425.1698095238091
777,2015-02-17,12.5,1468.2303333333334
778,2015-02-18,12.5,1382.4188571428572
779,2015-02-19,12.5,1263.2433333333329
780,2015-02-20,12.5,1249.3240000000005
781,2015-02-21,12.5,1287.0934761904768
782,2015-02-22,12.5,1293.4213333333337
783,2015-02-23,12.5,1513.0097142857146
784,2015-02-24,12.5,1475.1386666666667
785,2015-02-25,12.5,1412.0252380952386
786,2015-02-26,12.5,1494.5835238095233
787,2015-02-27,12.5,1646.3851428571427
788,2015-02-28,12.5,1465.62019047619
789,2015-03-01,12.5,1388.2527619047617
790,2015-03-02,12.5,1442.254476190476
791,2015-03-03,12.5,1509.5056666666662
792,2015-03-04,12.5,1696.3596190476196
793,2015-03-05,12.5,1631.8673809523805
794,2015-03-06,12.5,1506.7609523809526
795,2015-03-07,12.5,1347.4680952380952
796,2015-03-08,12.5,1204.47719047619
797,2015-03-09,12.5,1438.24819047619
798,2015-03-10,12.5,1748.4890000000007
799,2015-03-11,12.5,1637.0380952380954
800,2015-03-12,12.5,1545.293142857143
801,2015-03-13,12.5,1361.3244285714286
802,2015-03-14,12.5,1275.562523809524
803,2015-03-15,12.5,1192.4190000000008
804,2015-03-16,12.5,1195.323761904762
805,2015-03-17,12.5,1112.9209523809518
806,2015-03-18,12.5,1089.8680476190482
807,2015-03-19,12.5,987.1740476190481
808,2015-03-20,12.5,929.1289047619046
809,2015-03-21,12.5,880.4661428571422
810,2015-03-22,12.5,904.9507142857143
811,2015-03-23,12.5,1164.6547619047622
812,2015-03-24,12.5,1185.2918095238092
813,2015-03-25,12.5,1161.1931428571434
814,2015-03-26,12.5,1112.2302380952376
815,2015-03-27,12.5,1051.6607142857147
816,2015-03-28,12.5,967.1828571428568
817,2015-03-29,12.5,877.922047619048
818,2015-03-30,12.5,891.2152857142859
819,2015-03-31,12.5,886.8197619047622
820,2015-04-01,12.5,857.1314285714286
821,2015-04-02,12.5,852.9342857142854
822,2015-04-03,12.5,865.1764761904759
823,2015-04-04,12.5,784.1767142857136
824,2015-04-05,12.5,780.9784285714287
825,2015-04-06,12.5,874.9940952380954
826,2015-04-07,12.5,950.8439999999997
827,2015-04-08,12.5,966.1095238095241
828,2015-04-09,12.5,946.2468095238096
829,2015-04-10,12.5,893.6535714285714
830,2015-04-11,12.5,773.1534285714288
831,2015-04-12,12.5,715.7872857142856
832,2015-04-13,12.5,846.0725714285713
833,2015-04-14,12.5,964.3588571428564
834,2015-04-15,12.5,877.3259523809525
835,2015-04-16,12.5,909.1980952380952
836,2015-04-17,12.5,880.3225238095235
837,2015-04-18,12.5,763.4828571428575
838,2015-04-19,12.5,707.8959047619048
839,2015-04-20,12.5,795.6573809523811
840,2015-04-21,12.5,776.4622857142856
841,2015-04-22,12.5,760.8361428571426
842,2015-04-23,12.5,748.9609047619048
843,2015-04-24,12.5,700.2771904761906
844,2015-04-25,12.5,643.0260476190479
845,2015-04-26,12.5,575.5349523809523
846,2015-04-27,12.5,617.1856666666671
847,2015-04-28,12.5,608.0327619047619
848,2015-04-29,12.5,607.8179047619047
849,2015-04-30,12.5,578.8692857142856
850,2015-05-01,12.5,506.6766666666668
851,2015-05-02,12.5,465.3755714285716
852,2015-05-03,12.5,444.4013333333336
853,2015-05-04,12.5,530.8102380952381
854,2015-05-05,12.5,541.8579047619046
855,2015-05-06,12.5,599.4420476190473
856,2015-05-07,12.5,604.0505714285714
857,2015-05-08,12.5,589.02519047619
858,2015-05-09,12.5,526.1995238095236
859,2015-05-10,12.5,467.99976190476167
860,2015-05-11,12.5,558.8366190476189
861,2015-05-12,12.5,608.1410476190476
862,2015-05-13,12.5,567.8314761904766
863,2015-05-14,12.5,544.4965714285717
864,2015-05-15,12.5,530.148904761905
865,2015-05-16,12.5,486.5244285714284
866,2015-05-17,12.5,439.047761904762
867,2015-05-18,12.5,519.8160000000005
868,2015-05-19,12.5,558.6913333333334
869,2015-05-20,12.5,555.5040476190478
870,2015-05-21,12.5,547.9875714285713
871,2015-05-22,12.5,533.0281428571428
872,2015-05-23,12.5,462.07238095238114
873,2015-05-24,12.5,397.22495238095223
874,2015-05-25,12.5,432.42142857142875
875,2015-05-26,12.5,504.3087142857142
876,2015-05-27,12.5,512.8734761904759
877,2015-05-28,12.5,507.5556190476192
878,2015-05-29,12.5,504.096952380952
879,2015-05-30,12.5,438.5896190476191
880,2015-05-31,12.5,402.62800000000027
881,2015-06-01,12.5,495.15609523809525
882,2015-06-02,12.5,515.900380952381
883,2015-06-03,12.5,516.2908571428572
884,2015-06-04,12.5,517.2737142857144
885,2015-06-05,12.5,503.6445238095236
886,2015-06-06,12.5,427.39538095238106
887,2015-06-07,12.5,385.34904761904784
888,2015-06-08,12.5,489.14114285714294
889,2015-06-09,12.5,505.0359523809523
890,2015-06-10,12.5,512.3207142857141
891,2015-06-11,12.5,506.1588571428567
892,2015-06-12,12.5,499.80857142857167
893,2015-06-13,12.5,431.8425238095236
894,2015-06-14,12.5,377.00647619047623
895,2015-06-15,12.5,495.39280952380943
896,2015-06-16,12.5,515.4958095238095
897,2015-06-17,12.5,508.13685714285697
898,2015-06-18,12.5,500.29890476190474
899,2015-06-19,12.5,490.06457142857124
900,2015-06-20,12.5,420.7427619047622
901,2015-06-21,12.5,376.3794761904761
902,2015-06-22,12.5,486.168238095238
903,2015-06-23,12.5,504.5820476190478
904,2015-06-24,12.5,502.82138095238093
905,2015-06-25,12.5,503.26047619047625
906,2015-06-26,12.5,476.62814285714273
907,2015-06-27,12.5,416.49666666666667
908,2015-06-28,12.5,366.6078095238094
909,2015-06-29,12.5,483.70838095238076
910,2015-06-30,12.5,492.5341904761901
911,2015-07-01,12.5,486.55195238095246
912,2015-07-02,12.5,487.498857142857
913,2015-07-03,12.5,484.50109523809544
914,2015-07-04,12.5,411.7271428571428
915,2015-07-05,12.5,364.49276190476184
916,2015-07-06,12.5,481.89619047619055
917,2015-07-07,12.5,494.6985238095237
918,2015-07-08,12.5,491.5484761904762
919,2015-07-09,12.5,494.95028571428617
920,2015-07-10,12.5,498.22804761904763
921,2015-07-11,12.5,416.76995238095236
922,2015-07-12,12.5,370.3249999999998
923,2015-07-13,12.5,491.17690476190484
924,2015-07-14,12.5,496.45461904761925
925,2015-07-15,12.5,500.4612857142856
926,2015-07-16,12.5,491.45690476190464
927,2015-07-17,12.5,479.5232857142858
928,2015-07-18,12.5,403.8183333333333
929,2015-07-19,12.5,362.4353333333333
930,2015-07-20,12.5,481.7962857142859
931,2015-07-21,12.5,497.2306666666665
932,2015-07-22,12.5,500.6714285714286
933,2015-07-23,12.5,504.1658095238096
934,2015-07-24,12.5,490.3314761904758
935,2015-07-25,12.5,424.37266666666665
936,2015-07-26,12.5,362.6808571428572
937,2015-07-27,12.5,483.7391904761901
938,2015-07-28,12.5,498.7728095238095
939,2015-07-29,12.5,480.16628571428566
940,2015-07-30,12.5,479.2591428571427
941,2015-07-31,12.5,464.1826190476189
942,2015-08-01,12.5,374.1910476190478
943,2015-08-02,12.5,336.94980952380945
944,2015-08-03,12.5,419.84780952380953
945,2015-08-04,12.5,430.21252380952365
946,2015-08-05,12.5,437.1599523809526
947,2015-08-06,12.5,454.5123333333334
948,2015-08-07,12.5,464.5449999999999
949,2015-08-08,12.5,397.29666666666645
950,2015-08-09,12.5,343.88828571428553
951,2015-08-10,12.5,459.7005238095237
952,2015-08-11,12.5,475.13714285714246
953,2015-08-12,12.5,473.7124761904762
954,2015-08-13,12.5,469.4208571428574
955,2015-08-14,12.5,412.9608571428572
956,2015-08-15,12.5,367.3093333333333
957,2015-08-16,12.5,344.0750952380951
958,2015-08-17,12.5,464.8085714285713
959,2015-08-18,12.5,481.5683809523806
960,2015-08-19,12.5,483.09052380952363
961,2015-08-20,12.5,480.32380952380964
962,2015-08-21,12.5,471.82504761904755
963,2015-08-22,12.5,396.2766190476192
964,2015-08-23,12.5,343.8734285714285
965,2015-08-24,12.5,469.00195238095245
966,2015-08-25,12.5,474.78542857142867
967,2015-08-26,12.5,468.7818571428573
968,2015-08-27,12.5,476.39161904761903
969,2015-08-28,12.5,474.79485714285704
970,2015-08-29,12.5,400.99547619047615
971,2015-08-30,12.5,356.11785714285713
972,2015-08-31,12.5,471.1263333333333
973,2015-09-01,12.5,484.99799999999976
974,2015-09-02,12.5,486.34895238095254
975,2015-09-03,12.5,482.5633809523809
976,2015-09-04,12.5,483.3902857142858
977,2015-09-05,12.5,407.67942857142884
978,2015-09-06,12.5,357.5145714285715
979,2015-09-07,12.5,472.9593333333333
980,2015-09-08,12.5,487.2370476190474
981,2015-09-09,12.5,491.2369047619046
982,2015-09-10,12.5,496.81609523809493
983,2015-09-11,12.5,495.81190476190466
984,2015-09-12,12.5,426.4388571428573
985,2015-09-13,12.5,381.674761904762
986,2015-09-14,12.5,484.81038095238114
987,2015-09-15,12.5,494.30223809523807
988,2015-09-16,12.5,498.2600952380953
989,2015-09-17,12.5,491.41914285714284
990,2015-09-18,12.5,492.63676190476156
991,2015-09-19,12.5,431.29666666666645
992,2015-09-20,12.5,384.2631904761904
993,2015-09-21,12.5,480.9990000000001
994,2015-09-22,12.5,498.81723809523817
995,2015-09-23,12.5,493.24395238095235
996,2015-09-24,12.5,492.15857142857135
997,2015-09-25,12.5,465.8085714285713
998,2015-09-26,12.5,358.0589047619048
999,2015-09-27,12.5,298.1841904761903
1000,2015-09-28,12.5,317.281380952381
1001,2015-09-29,12.5,360.59957142857144
1002,2015-09-30,12.5,452.4979047619045
1003,2015-10-01,12.5,505.1526190476191
1004,2015-10-02,12.5,519.8686666666667
1005,2015-10-03,12.5,449.0219523809521
1006,2015-10-04,12.5,444.84642857142865
1007,2015-10-05,12.5,518.3396190476194
1008,2015-10-06,12.5,535.1683333333331
1009,2015-10-07,12.5,526.1010476190477
1010,2015-10-08,12.5,511.8967142857142
1011,2015-10-09,12.5,488.26247619047587
1012,2015-10-10,12.5,524.3894285714284
1013,2015-10-11,12.5,588.9597142857142
1014,2015-10-12,12.5,664.7939047619051
1015,2015-10-13,12.5,657.4204285714283
1016,2015-10-14,12.5,611.0733333333335
1017,2015-10-15,12.5,593.8226666666667
1018,2015-10-16,12.5,570.8982857142854
1019,2015-10-17,12.5,512.259142857143
1020,2015-10-18,12.5,473.51676190476184
1021,2015-10-19,12.5,543.6703809523808
1022,2015-10-20,12.5,547.3194761904762
1023,2015-10-21,12.5,548.9109523809527
1024,2015-10-22,12.5,549.0034761904762
1025,2015-10-23,12.5,543.9002857142858
1026,2015-10-24,12.5,510.9360952380952
1027,2015-10-25,12.5,492.56938095238087
1028,2015-10-26,12.5,599.9285238095238
1029,2015-10-27,12.5,676.9527619047616
1030,2015-10-28,12.5,740.0701904761903
1031,2015-10-29,12.5,832.3504285714282
1032,2015-10-30,12.5,940.6436666666666
1033,2015-10-31,12.5,945.1127142857139
1034,2015-11-01,12.5,918.6545714285716
1035,2015-11-02,12.5,911.4098095238094
1036,2015-11-03,12.5,879.3830476190474
1037,2015-11-04,12.5,850.697095238095
1038,2015-11-05,12.5,804.518619047619
1039,2015-11-06,12.5,809.1765714285712
1040,2015-11-07,12.5,829.6631428571427
1041,2015-11-08,12.5,788.723857142857
1042,2015-11-09,12.5,865.4009999999993
1043,2015-11-10,12.5,896.6277142857156
1044,2015-11-11,12.5,882.6960952380947
1045,2015-11-12,12.5,832.6662380952376
1046,2015-11-13,12.5,884.6781904761899
1047,2015-11-14,12.5,796.4355238095242
1048,2015-11-15,12.5,704.2467142857142
1049,2015-11-16,12.5,837.4512857142853
1050,2015-11-17,12.5,798.5160476190478
1051,2015-11-18,12.5,898.4869047619048
1052,2015-11-19,12.5,959.7152857142864
1053,2015-11-20,12.5,929.7194285714289
1054,2015-11-21,12.5,951.3326666666663
1055,2015-11-22,12.5,876.5773809523807
1056,2015-11-23,12.5,1006.7692380952375
1057,2015-11-24,12.5,1137.065761904762
1058,2015-11-25,12.5,1286.5738571428572
1059,2015-11-26,12.5,1580.8044285714284
1060,2015-11-27,12.5,1696.7076190476178
1061,2015-11-28,12.5,1535.1483333333338
1062,2015-11-29,12.5,1391.141
1063,2015-11-30,12.5,1378.9641428571424
1064,2015-12-01,12.5,1413.792476190476
1065,2015-12-02,12.5,1367.21880952381
1066,2015-12-03,12.5,1591.5961428571436
1067,2015-12-04,12.5,1641.2798571428586
1068,2015-12-05,12.5,1386.1887619047618
1069,2015-12-06,12.5,1359.215523809524
1070,2015-12-07,12.5,1499.9212380952383
1071,2015-12-08,12.5,1460.2905714285712
1072,2015-12-09,12.5,1408.828238095238
1073,2015-12-10,12.5,1291.3579523809524
1074,2015-12-11,12.5,1262.0854285714286
1075,2015-12-12,12.5,1217.3907142857142
1076,2015-12-13,12.5,1141.8539047619042
1077,2015-12-14,12.5,1307.256714285714
1078,2015-12-15,12.5,1335.3260952380951
1079,2015-12-16,12.5,1540.6504285714288
1080,2015-12-17,12.5,1740.5732857142862
1081,2015-12-18,12.5,1757.4157619047623
1082,2015-12-19,12.5,1539.5079523809518
1083,2015-12-20,12.5,1461.7645238095238
1084,2015-12-21,12.5,1533.034523809524
1085,2015-12-22,12.5,1508.684571428572
1086,2015-12-23,12.5,1384.1881904761908
1087,2015-12-24,12.5,1456.4649999999997
1088,2015-12-25,12.5,1424.6950476190484
1089,2015-12-26,12.5,1390.6236666666673
1090,2015-12-27,12.5,1615.8281904761898
1091,2015-12-28,12.5,1873.5089047619044
1092,2015-12-29,12.5,1832.7408571428564
1093,2015-12-30,12.5,1698.5736666666667
1094,2015-12-31,12.5,1573.4594761904755
1095,2016-01-01,12.5,1402.3943333333339
1096,2016-01-02,12.5,1256.3505714285711
1097,2016-01-03,12.5,1203.7092380952379
1098,2016-01-04,12.5,1419.6284285714287
1099,2016-01-05,12.5,1642.5678571428568
1100,2016-01-06,12.5,1684.196904761904
1101,2016-01-07,12.5,1731.8559999999993
1102,2016-01-08,12.5,1753.6821428571427
1103,2016-01-09,12.5,1613.613952380953
1104,2016-01-10,12.5,1474.306333333334
1105,2016-01-11,12.5,1732.0177619047608
1106,2016-01-12,12.5,1846.273714285715
1107,2016-01-13,12.5,1880.3289523809528
1108,2016-01-14,12.5,1865.9833333333338
1109,2016-01-15,12.5,1706.8032380952386
1110,2016-01-16,12.5,1576.6300952380943
1111,2016-01-17,12.5,1476.5091428571425
1112,2016-01-18,12.5,1923.0400952380946
1113,2016-01-19,12.5,2330.595761904763
1114,2016-01-20,12.5,2310.6885714285704
1115,2016-01-21,12.5,2176.913190476191
1116,2016-01-22,12.5,2187.1536190476195
1117,2016-01-23,12.5,2276.5310952380955
1118,2016-01-24,12.5,2476.7572380952383
1119,2016-01-25,12.5,2387.023476190477
1120,2016-01-26,12.5,2109.288619047618
1121,2016-01-27,12.5,1900.19619047619
1122,2016-01-28,12.5,1856.8187142857153
1123,2016-01-29,12.5,1714.1613809523817
1124,2016-01-30,12.5,1566.2407142857153
1125,2016-01-31,12.5,1649.7811428571429
1126,2016-02-01,12.5,1936.504857142856
1127,2016-02-02,12.5,1957.7538571428581
1128,2016-02-03,12.5,1873.4588571428571
1129,2016-02-04,12.5,1759.6594285714295
1130,2016-02-05,12.5,1784.931428571427
1131,2016-02-06,12.5,1624.766095238095
1132,2016-02-07,12.5,1531.9069047619046
1133,2016-02-08,12.5,1365.72980952381
1134,2016-02-09,12.5,1384.3029047619052
1135,2016-02-10,12.5,1425.4368571428577
1136,2016-02-11,12.5,1429.5088095238095
1137,2016-02-12,12.5,1297.6963809523816
1138,2016-02-13,12.5,1080.9513333333332
1139,2016-02-14,12.5,1410.715476190476
1140,2016-02-15,12.5,1759.6578571428577
1141,2016-02-16,12.5,1795.767952380952
1142,2016-02-17,12.5,1671.8232380952377
1143,2016-02-18,12.5,1561.7302857142859
1144,2016-02-19,12.5,1517.7051904761909
1145,2016-02-20,12.5,1438.4049999999995
1146,2016-02-21,12.5,1455.957476190476
1147,2016-02-22,12.5,1582.3021428571428
1148,2016-02-23,12.5,1564.4368571428574
1149,2016-02-24,12.5,1699.7909523809524
1150,2016-02-25,12.5,1665.4820952380958
1151,2016-02-26,12.5,1523.7228571428575
1152,2016-02-27,12.5,1362.9850000000008
1153,2016-02-28,12.5,1381.0732857142862
1154,2016-02-29,12.5,1728.3959523809522
1155,2016-03-01,12.5,1625.175714285714
1156,2016-03-02,12.5,1578.7087142857144
1157,2016-03-03,12.5,1367.5385238095237
1158,2016-03-04,12.5,1138.011142857143
1159,2016-03-05,12.5,1005.214333333333
1160,2016-03-06,12.5,964.1617619047618
1161,2016-03-07,12.5,1128.2149523809521
1162,2016-03-08,12.5,1316.4093333333328
1163,2016-03-09,12.5,1466.9395714285708
1164,2016-03-10,12.5,1538.3500952380953
1165,2016-03-11,12.5,1532.678142857143
1166,2016-03-12,12.5,1392.890857142857
1167,2016-03-13,12.5,1274.2338571428577
1168,2016-03-14,12.5,1327.7902380952382
1169,2016-03-15,12.5,1307.1149047619044
1170,2016-03-16,12.5,1197.3412380952382
1171,2016-03-17,12.5,1141.7462857142852
1172,2016-03-18,12.5,992.1012380952379
1173,2016-03-19,12.5,888.8109999999996
1174,2016-03-20,12.5,860.7114761904761
1175,2016-03-21,12.5,958.7861428571431
1176,2016-03-22,12.5,1021.5936190476189
1177,2016-03-23,12.5,1049.8479047619041
1178,2016-03-24,12.5,1094.426952380952
1179,2016-03-25,12.5,1090.8683333333338
1180,2016-03-26,12.5,1030.8944285714283
1181,2016-03-27,12.5,983.8132380952378
1182,2016-03-28,12.5,1031.6226666666662
1183,2016-03-29,12.5,996.4298571428573
1184,2016-03-30,12.5,928.6809999999998
1185,2016-03-31,12.5,882.0637619047617
1186,2016-04-01,12.5,811.1052380952382
1187,2016-04-02,12.5,715.3820952380951
1188,2016-04-03,12.5,742.5515238095234
1189,2016-04-04,12.5,802.3707619047617
1190,2016-04-05,12.5,825.1861428571426
1191,2016-04-06,12.5,808.2927619047623
1192,2016-04-07,12.5,763.6088571428569
1193,2016-04-08,12.5,769.9046666666665
1194,2016-04-09,12.5,739.6567619047615
1195,2016-04-10,12.5,656.753
1196,2016-04-11,12.5,761.2840476190473
1197,2016-04-12,12.5,754.1813809523811
1198,2016-04-13,12.5,661.8407142857143
1199,2016-04-14,12.5,723.0592857142858
1200,2016-04-15,12.5,706.0724761904759
1201,2016-04-16,12.5,667.6123809523809
1202,2016-04-17,12.5,676.6748095238099
1203,2016-04-18,12.5,774.6517619047618
1204,2016-04-19,12.5,764.4299047619048
1205,2016-04-20,12.5,739.8606666666666
1206,2016-04-21,12.5,738.3854761904759
1207,2016-04-22,12.5,701.064761904762
1208,2016-04-23,12.5,650.7597619047616
1209,2016-04-24,12.5,589.6815714285715
1210,2016-04-25,12.5,636.1125714285713
1211,2016-04-26,12.5,607.9783809523809
1212,2016-04-27,12.5,608.7785714285717
1213,2016-04-28,12.5,606.6898571428572
1214,2016-04-29,12.5,598.8041428571428
1215,2016-04-30,12.5,553.9321904761903
1216,2016-05-01,12.5,492.2753333333333
1217,2016-05-02,12.5,548.1865238095239
1218,2016-05-03,12.5,661.8626190476194
1219,2016-05-04,12.5,647.5092857142855
1220,2016-05-05,12.5,531.2630476190475
1221,2016-05-06,12.5,531.6195238095239
1222,2016-05-07,12.5,508.2964761904758
1223,2016-05-08,12.5,472.9773809523811
1224,2016-05-09,12.5,542.8379047619047
1225,2016-05-10,12.5,588.1940000000003
1226,2016-05-11,12.5,573.9982380952382
1227,2016-05-12,12.5,564.3493333333333
1228,2016-05-13,12.5,551.1952857142859
1229,2016-05-14,12.5,470.68642857142845
1230,2016-05-15,12.5,456.79557142857146
1231,2016-05-16,12.5,546.4990952380952
1232,2016-05-17,12.5,549.5578571428572
1233,2016-05-18,12.5,533.8080476190479
1234,2016-05-19,12.5,522.622238095238
1235,2016-05-20,12.5,514.3200952380952
1236,2016-05-21,12.5,444.859047619048
1237,2016-05-22,12.5,388.8224761904762
1238,2016-05-23,12.5,494.5454285714287
1239,2016-05-24,12.5,507.80333333333346
1240,2016-05-25,12.5,508.268857142857
1241,2016-05-26,12.5,509.05561904761913
1242,2016-05-27,12.5,511.9471428571428
1243,2016-05-28,12.5,440.0828095238095
1244,2016-05-29,12.5,396.2308571428573
1245,2016-05-30,12.5,492.7705238095238
1246,2016-05-31,12.5,511.1499523809522
1247,2016-06-01,12.5,504.779761904762
1248,2016-06-02,12.5,509.68709523809514
1249,2016-06-03,12.5,503.98747619047623
1250,2016-06-04,12.5,419.52590476190494
1251,2016-06-05,12.5,368.0557142857143
1252,2016-06-06,12.5,400.42680952380977
1253,2016-06-07,12.5,502.6989047619043
1254,2016-06-08,12.5,511.8264761904763
1255,2016-06-09,12.5,515.872904761905
1256,2016-06-10,12.5,511.18899999999996
1257,2016-06-11,12.5,427.97300000000007
1258,2016-06-12,12.5,377.69842857142856
1259,2016-06-13,12.5,490.76038095238084
1260,2016-06-14,12.5,517.8279047619044
1261,2016-06-15,12.5,499.9957619047618
1262,2016-06-16,12.5,499.5142380952382
1263,2016-06-17,12.5,501.3362380952382
1264,2016-06-18,12.5,421.86257142857124
1265,2016-06-19,12.5,374.2245238095237
1266,2016-06-20,12.5,490.91909523809505
1267,2016-06-21,12.5,508.25304761904744
1268,2016-06-22,12.5,505.61676190476186
1269,2016-06-23,12.5,505.9716190476189
1270,2016-06-24,12.5,491.15423809523816
1271,2016-06-25,12.5,416.5239047619049
1272,2016-06-26,12.5,367.2273333333333
1273,2016-06-27,12.5,484.5790476190477
1274,2016-06-28,12.5,500.6641428571427
1275,2016-06-29,12.5,501.417619047619
1276,2016-06-30,12.5,505.2406190476187
1277,2016-07-01,12.5,502.806523809524
1278,2016-07-02,12.5,412.2539047619046
1279,2016-07-03,12.5,362.6724285714286
1280,2016-07-04,12.5,495.9919047619046
1281,2016-07-05,12.5,542.2515714285715
1282,2016-07-06,12.5,517.010619047619
1283,2016-07-07,12.5,514.4321428571426
1284,2016-07-08,12.5,516.8026190476188
1285,2016-07-09,12.5,435.87552380952394
1286,2016-07-10,12.5,386.7503809523808
1287,2016-07-11,12.5,511.94028571428527
1288,2016-07-12,12.5,516.473619047619
1289,2016-07-13,12.5,521.1390476190476
1290,2016-07-14,12.5,518.8305238095238
1291,2016-07-15,12.5,504.3398095238097
1292,2016-07-16,12.5,412.4808095238097
1293,2016-07-17,12.5,371.0615714285714
1294,2016-07-18,12.5,491.2894285714284
1295,2016-07-19,12.5,525.5515238095235
1296,2016-07-20,12.5,525.196333333333
1297,2016-07-21,12.5,516.8220476190475
1298,2016-07-22,12.5,508.3658095238093
1299,2016-07-23,12.5,425.8095714285712
1300,2016-07-24,12.5,373.3954761904762
1301,2016-07-25,12.5,493.3226666666666
1302,2016-07-26,12.5,509.75419047619056
1303,2016-07-27,12.5,502.2929523809521
1304,2016-07-28,12.5,499.784523809524
1305,2016-07-29,12.5,476.59490476190496
1306,2016-07-30,12.5,394.9627619047619
1307,2016-07-31,12.5,359.1367142857142
1308,2016-08-01,12.5,436.03014285714295
1309,2016-08-02,12.5,443.4658571428572
1310,2016-08-03,12.5,451.3173333333331
1311,2016-08-04,12.5,466.03976190476186
1312,2016-08-05,12.5,470.1451904761905
1313,2016-08-06,12.5,397.591142857143
1314,2016-08-07,12.5,348.876238095238
1315,2016-08-08,12.5,473.96885714285713
1316,2016-08-09,12.5,483.02990476190524
1317,2016-08-10,12.5,474.28761904761893
1318,2016-08-11,12.5,469.3370000000002
1319,2016-08-12,12.5,473.2900000000001
1320,2016-08-13,12.5,390.10228571428587
1321,2016-08-14,12.5,335.0973333333334
1322,2016-08-15,12.5,356.03433333333334
1323,2016-08-16,12.5,474.36314285714303
1324,2016-08-17,12.5,480.7817619047616
1325,2016-08-18,12.5,478.2848571428569
1326,2016-08-19,12.5,470.6727142857144
1327,2016-08-20,12.5,374.883619047619
1328,2016-08-21,12.5,328.73061904761914
1329,2016-08-22,12.5,470.3294761904761
1330,2016-08-23,12.5,490.4279523809525
1331,2016-08-24,12.5,483.4241428571424
1332,2016-08-25,12.5,487.32
1333,2016-08-26,12.5,461.63319047619035
1334,2016-08-27,12.5,388.20328571428576
1335,2016-08-28,12.5,347.5645714285714
1336,2016-08-29,12.5,462.8209047619047
1337,2016-08-30,12.5,467.9882857142858
1338,2016-08-31,12.5,471.6311904761903
1339,2016-09-01,12.5,485.87061904761913
1340,2016-09-02,12.5,485.9810952380951
1341,2016-09-03,12.5,416.5249047619048
1342,2016-09-04,12.5,372.6579047619046
1343,2016-09-05,12.5,486.22442857142846
1344,2016-09-06,12.5,500.15966666666645
1345,2016-09-07,12.5,497.1897142857142
1346,2016-09-08,12.5,495.17514285714276
1347,2016-09-09,12.5,492.4412857142857
1348,2016-09-10,12.5,425.4989523809522
1349,2016-09-11,12.5,380.4653333333335
1350,2016-09-12,12.5,470.81761904761913
1351,2016-09-13,12.5,455.73252380952374
1352,2016-09-14,12.5,339.19100000000003
1353,2016-09-15,12.5,279.5598095238095
1354,2016-09-16,12.5,295.3017142857142
1355,2016-09-17,12.5,332.4809047619049
1356,2016-09-18,12.5,352.8091904761905
1357,2016-09-19,12.5,468.1127619047621
1358,2016-09-20,12.5,482.99866666666674
1359,2016-09-21,12.5,490.9594761904761
1360,2016-09-22,12.5,489.13785714285706
1361,2016-09-23,12.5,488.39038095238124
1362,2016-09-24,12.5,436.9766666666665
1363,2016-09-25,12.5,388.2306190476191
1364,2016-09-26,12.5,477.5681904761905
1365,2016-09-27,12.5,496.1526190476192
1366,2016-09-28,12.5,489.5801904761903
1367,2016-09-29,12.5,495.7712380952377
1368,2016-09-30,12.5,490.55028571428585
1369,2016-10-01,12.5,434.8224285714287
1370,2016-10-02,12.5,402.56019047619037
1371,2016-10-03,12.5,417.22119047619077
1372,2016-10-04,12.5,489.6876666666667
1373,2016-10-05,12.5,499.0554761904763
1374,2016-10-06,12.5,512.0112380952384
1375,2016-10-07,12.5,508.44357142857154
1376,2016-10-08,12.5,477.4574285714291
1377,2016-10-09,12.5,528.1065714285714
1378,2016-10-10,12.5,611.819333333333
1379,2016-10-11,12.5,614.7904285714287
1380,2016-10-12,12.5,620.3656190476189
1381,2016-10-13,12.5,642.1587619047617
1382,2016-10-14,12.5,609.9676190476189
1383,2016-10-15,12.5,536.5654285714285
1384,2016-10-16,12.5,509.36985714285703
1385,2016-10-17,12.5,566.1944285714286
1386,2016-10-18,12.5,588.4237619047618
1387,2016-10-19,12.5,577.330619047619
1388,2016-10-20,12.5,574.8317619047617
1389,2016-10-21,12.5,573.9399047619046
1390,2016-10-22,12.5,523.9545714285714
1391,2016-10-23,12.5,583.1313809523812
1392,2016-10-24,12.5,635.9685714285716
1393,2016-10-25,12.5,669.8220476190477
1394,2016-10-26,12.5,692.6125714285716
1395,2016-10-27,12.5,697.2509047619047
1396,2016-10-28,12.5,698.2079999999996
1397,2016-10-29,12.5,812.1583333333335
1398,2016-10-30,12.5,866.4336666666665
1399,2016-10-31,12.5,1069.1380476190473
1400,2016-11-01,12.5,1273.6145714285701
1401,2016-11-02,12.5,1259.6420952380952
1402,2016-11-03,12.5,1085.7563333333337
1403,2016-11-04,12.5,976.8392857142862
1404,2016-11-05,12.5,798.827380952381
1405,2016-11-06,12.5,738.8631904761902
1406,2016-11-07,12.5,823.6640952380955
1407,2016-11-08,12.5,1105.2405714285717
1408,2016-11-09,12.5,1261.7009523809518
1409,2016-11-10,12.5,1208.6969523809526
1410,2016-11-11,12.5,1051.4404285714286
1411,2016-11-12,12.5,928.0992380952385
1412,2016-11-13,12.5,783.2970476190478
1413,2016-11-14,12.5,856.4870476190475
1414,2016-11-15,12.5,1077.8568095238088
1415,2016-11-16,12.5,1163.2922380952384
1416,2016-11-17,12.5,1075.823238095238
1417,2016-11-18,12.5,1031.0178095238095
1418,2016-11-19,12.5,863.9600476190483
1419,2016-11-20,12.5,850.7727619047616
1420,2016-11-21,12.5,1026.4496190476202
1421,2016-11-22,12.5,1281.0727619047614
1422,2016-11-23,12.5,1519.0956666666661
1423,2016-11-24,12.5,1595.5429523809526
1424,2016-11-25,12.5,1529.5501904761907
1425,2016-11-26,12.5,1472.499523809524
1426,2016-11-27,12.5,1324.7525714285712
1427,2016-11-28,12.5,1497.3058095238096
1428,2016-11-29,12.5,1533.876666666667
1429,2016-11-30,12.5,1420.8276190476208
1430,2016-12-01,12.5,1402.8777619047617
1431,2016-12-02,12.5,1472.7906190476187
1432,2016-12-03,12.5,1299.8088571428586
1433,2016-12-04,12.5,1224.99561904762
1434,2016-12-05,12.5,1320.5648571428567
1435,2016-12-06,12.5,1580.051095238095
1436,2016-12-07,12.5,1528.084380952381
1437,2016-12-08,12.5,1528.1083333333336
1438,2016-12-09,12.5,1512.891904761905
1439,2016-12-10,12.5,1548.0120476190473
1440,2016-12-11,12.5,1505.5303333333322
1441,2016-12-12,12.5,1606.6573809523813
1442,2016-12-13,12.5,1539.917619047618
1443,2016-12-14,12.5,1690.8007142857148
1444,2016-12-15,12.5,1844.2285714285701
1445,2016-12-16,12.5,1900.6884761904757
1446,2016-12-17,12.5,1529.4877142857144
1447,2016-12-18,12.5,1362.3773333333331
1448,2016-12-19,12.5,1374.0770952380956
1449,2016-12-20,12.5,1309.693238095238
1450,2016-12-21,12.5,1308.5560000000003
1451,2016-12-22,12.5,1329.8729047619042
1452,2016-12-23,12.5,1650.2603809523807
1453,2016-12-24,12.5,1614.9877142857144
1454,2016-12-25,12.5,1489.8555714285712
1455,2016-12-26,12.5,1575.8859523809522
1456,2016-12-27,12.5,1714.6656190476199
1457,2016-12-28,12.5,1832.8108095238092
1458,2016-12-29,12.5,1847.198666666667
1459,2016-12-30,12.5,1856.4616190476195
1460,2016-12-31,12.5,1580.9910476190482
1461,2017-01-01,12.5,1424.8302857142858
1462,2017-01-02,12.5,1441.234285714286
1463,2017-01-03,12.5,1509.8805238095235
1464,2017-01-04,12.5,1446.0505238095243
1465,2017-01-05,12.5,1476.8155238095237
1466,2017-01-06,12.5,1370.733619047619
1467,2017-01-07,12.5,1294.969952380952
1468,2017-01-08,12.5,1200.7205714285715
1469,2017-01-09,12.5,1445.6698095238094
1470,2017-01-10,12.5,1702.791809523809
1471,2017-01-11,12.5,1830.0591904761916
1472,2017-01-12,12.5,1748.7185238095249
1473,2017-01-13,12.5,1934.9611428571416
1474,2017-01-14,12.5,2025.9155238095223
1475,2017-01-15,12.5,1925.2058095238085
1476,2017-01-16,12.5,1965.7883809523807
1477,2017-01-17,12.5,1895.5593809523814
1478,2017-01-18,12.5,1805.9187142857138
1479,2017-01-19,12.5,1798.3926666666662
1480,2017-01-20,12.5,1923.8523333333328
1481,2017-01-21,12.5,1930.9625714285708
1482,2017-01-22,12.5,1973.850428571428
1483,2017-01-23,12.5,2219.6830476190476
1484,2017-01-24,12.5,2182.919428571427
1485,2017-01-25,12.5,2087.3210952380955
1486,2017-01-26,12.5,1946.671666666667
1487,2017-01-27,12.5,1632.6361904761902
1488,2017-01-28,12.5,1495.959142857143
1489,2017-01-29,12.5,1486.2640000000004
1490,2017-01-30,12.5,1752.9838095238097
1491,2017-01-31,12.5,2003.3840476190478
1492,2017-02-01,12.5,1972.7719047619044
1493,2017-02-02,12.5,1939.928571428571
1494,2017-02-03,12.5,1704.7291904761905
1495,2017-02-04,12.5,1601.464095238096
1496,2017-02-05,12.5,1517.9333809523819
1497,2017-02-06,12.5,1751.0644761904762
1498,2017-02-07,12.5,1858.4415238095237
1499,2017-02-08,12.5,1829.2658571428565
1500,2017-02-09,12.5,1966.2040952380949
1501,2017-02-10,12.5,2061.1395238095233
1502,2017-02-11,12.5,1881.5292380952365
1503,2017-02-12,12.5,1695.5165714285713
1504,2017-02-13,12.5,1773.9879047619058
1505,2017-02-14,12.5,1713.2381904761912
1506,2017-02-15,12.5,1654.5544285714298
1507,2017-02-16,12.5,1525.3325714285716
1508,2017-02-17,12.5,1525.9249523809517
1509,2017-02-18,12.5,1598.4787619047625
1510,2017-02-19,12.5,1488.631095238096
1511,2017-02-20,12.5,1674.7503809523796
1512,2017-02-21,12.5,1712.1712380952397
1513,2017-02-22,12.5,1650.5949523809527
1514,2017-02-23,12.5,1701.177
1515,2017-02-24,12.5,1704.5559047619051
1516,2017-02-25,12.5,1477.1024285714284
1517,2017-02-26,12.5,1353.0027142857148
1518,2017-02-27,12.5,1456.1893333333337
1519,2017-02-28,12.5,1391.2354285714287
1520,2017-03-01,12.5,1301.120857142858
1521,2017-03-02,12.5,1461.2380952380954
1522,2017-03-03,12.5,1437.0857619047617
1523,2017-03-04,12.5,1249.788
1524,2017-03-05,12.5,1210.8895238095238
1525,2017-03-06,12.5,1483.4861428571432
1526,2017-03-07,12.5,1623.7641904761913
1527,2017-03-08,12.5,1627.8630000000016
1528,2017-03-09,12.5,1506.0595238095239
1529,2017-03-10,12.5,1396.698761904762
1530,2017-03-11,12.5,1224.5244285714277
1531,2017-03-12,12.5,1107.1619999999996
1532,2017-03-13,12.5,1217.9256666666663
1533,2017-03-14,12.5,1256.6490000000001
1534,2017-03-15,12.5,1254.7811428571426
1535,2017-03-16,12.5,1238.756047619048
1536,2017-03-17,12.5,1187.0371428571427
1537,2017-03-18,12.5,1057.5652857142857
1538,2017-03-19,12.5,970.9700476190476
1539,2017-03-20,12.5,1064.539095238095
1540,2017-03-21,12.5,1103.3560952380951
1541,2017-03-22,12.5,1123.864476190476
1542,2017-03-23,12.5,1088.4303333333341
1543,2017-03-24,12.5,1083.0038095238097
1544,2017-03-25,12.5,1027.465380952381
1545,2017-03-26,12.5,1016.7080952380952
1546,2017-03-27,12.5,1155.1224285714284
1547,2017-03-28,12.5,1176.0056666666662
1548,2017-03-29,12.5,1109.289190476191
1549,2017-03-30,12.5,1046.3684285714287
1550,2017-03-31,12.5,1053.5236190476198
1551,2017-04-01,12.5,971.4335238095236
1552,2017-04-02,12.5,926.1423809523806
1553,2017-04-03,12.5,961.7106190476186
1554,2017-04-04,12.5,900.2839999999994
1555,2017-04-05,12.5,940.6235714285713
1556,2017-04-06,12.5,926.8431904761911
1557,2017-04-07,12.5,826.2438571428568
1558,2017-04-08,12.5,749.9101428571425
1559,2017-04-09,12.5,706.4939523809525
1560,2017-04-10,12.5,765.1013333333331
1561,2017-04-11,12.5,760.0990952380954
1562,2017-04-12,12.5,830.156095238095
1563,2017-04-13,12.5,805.580428571429
1564,2017-04-14,12.5,819.8501428571428
1565,2017-04-15,12.5,680.3891904761907
1566,2017-04-16,12.5,589.7425238095241
1567,2017-04-17,12.5,693.8202857142857
1568,2017-04-18,12.5,778.3719523809525
1569,2017-04-19,12.5,782.2432857142858
1570,2017-04-20,12.5,783.6071904761903
1571,2017-04-21,12.5,764.3431428571431
1572,2017-04-22,12.5,679.6889523809523
1573,2017-04-23,12.5,633.1869523809526
1574,2017-04-24,12.5,707.2006666666666
1575,2017-04-25,12.5,683.3312857142859
1576,2017-04-26,12.5,694.1891428571431
1577,2017-04-27,12.5,711.1900952380953
1578,2017-04-28,12.5,680.896142857143
1579,2017-04-29,12.5,601.430904761905
1580,2017-04-30,12.5,513.7069047619051
1581,2017-05-01,12.5,524.6361904761906
1582,2017-05-02,12.5,551.0119523809523
1583,2017-05-03,12.5,503.5568571428569
1584,2017-05-04,12.5,509.0637142857143
1585,2017-05-05,12.5,454.69576190476204
1586,2017-05-06,12.5,474.2569047619046
1587,2017-05-07,12.5,467.1830952380951
1588,2017-05-08,12.5,552.3854761904759
1589,2017-05-09,12.5,531.430857142857
1590,2017-05-10,12.5,580.4102380952384
1591,2017-05-11,12.5,579.2494761904763
1592,2017-05-12,12.5,564.5940952380952
1593,2017-05-13,12.5,533.1449999999999
1594,2017-05-14,12.5,501.0481904761904
1595,2017-05-15,12.5,586.4810476190474
1596,2017-05-16,12.5,596.0801904761902
1597,2017-05-17,12.5,579.9100000000001
1598,2017-05-18,12.5,567.8177619047617
1599,2017-05-19,12.5,554.8747619047621
1600,2017-05-20,12.5,492.2248571428571
1601,2017-05-21,12.5,438.33095238095217
1602,2017-05-22,12.5,527.5333809523812
1603,2017-05-23,12.5,539.7580476190474
1604,2017-05-24,12.5,536.9468095238095
1605,2017-05-25,12.5,545.544761904762
1606,2017-05-26,12.5,547.758238095238
1607,2017-05-27,12.5,478.74795238095237
1608,2017-05-28,12.5,435.58023809523814
1609,2017-05-29,12.5,523.8504761904763
1610,2017-05-30,12.5,532.6849047619049
1611,2017-05-31,12.5,527.9364285714282
1612,2017-06-01,12.5,524.590476190476
1613,2017-06-02,12.5,521.8407142857141
1614,2017-06-03,12.5,452.7022380952379
1615,2017-06-04,12.5,407.63066666666685
1616,2017-06-05,12.5,490.32585714285716
1617,2017-06-06,12.5,460.1270476190477
1618,2017-06-07,12.5,526.7903809523809
1619,2017-06-08,12.5,533.7891428571429
1620,2017-06-09,12.5,524.5492857142857
1621,2017-06-10,12.5,455.1344285714286
1622,2017-06-11,12.5,415.34119047619043
1623,2017-06-12,12.5,515.2609523809521
1624,2017-06-13,12.5,528.6163809523807
1625,2017-06-14,12.5,526.4958095238096
1626,2017-06-15,12.5,523.639619047619
1627,2017-06-16,12.5,520.6836190476191
1628,2017-06-17,12.5,444.69433333333325
1629,2017-06-18,12.5,397.66542857142866
1630,2017-06-19,12.5,508.2414285714281
1631,2017-06-20,12.5,515.9649047619047
1632,2017-06-21,12.5,512.6583333333334
1633,2017-06-22,12.5,515.4252380952386
1634,2017-06-23,12.5,507.2834285714288
1635,2017-06-24,12.5,420.036380952381
1636,2017-06-25,12.5,373.46885714285713
1637,2017-06-26,12.5,488.9658571428571
1638,2017-06-27,12.5,507.50180952380947
1639,2017-06-28,12.5,506.70780952380983
1640,2017-06-29,12.5,507.1601904761901
1641,2017-06-30,12.5,508.09700000000004
1642,2017-07-01,12.5,429.968857142857
1643,2017-07-02,12.5,392.5437142857144
1644,2017-07-03,12.5,510.50671428571417
1645,2017-07-04,12.5,520.0876666666667
1646,2017-07-05,12.5,518.1512380952385
1647,2017-07-06,12.5,524.0632380952379
1648,2017-07-07,12.5,515.6343333333332
1649,2017-07-08,12.5,435.2242380952378
1650,2017-07-09,12.5,388.5551428571429
1651,2017-07-10,12.5,515.4285714285717
1652,2017-07-11,12.5,524.8834761904761
1653,2017-07-12,12.5,537.2415714285717
1654,2017-07-13,12.5,528.1814761904764
1655,2017-07-14,12.5,527.0331428571428
1656,2017-07-15,12.5,435.188619047619
1657,2017-07-16,12.5,390.95176190476195
1658,2017-07-17,12.5,509.5281428571431
1659,2017-07-18,12.5,524.3445714285715
1660,2017-07-19,12.5,524.3022380952382
1661,2017-07-20,12.5,526.404238095238
1662,2017-07-21,12.5,522.7725714285714
1663,2017-07-22,12.5,436.6858571428569
1664,2017-07-23,12.5,386.1717619047619
1665,2017-07-24,12.5,501.914142857143
1666,2017-07-25,12.5,511.01104761904764
1667,2017-07-26,12.5,507.07200000000023
1668,2017-07-27,12.5,502.712190476191
1669,2017-07-28,12.5,495.06566666666646
1670,2017-07-29,12.5,407.49628571428576
1671,2017-07-30,12.5,365.400380952381
1672,2017-07-31,12.5,449.25347619047636
1673,2017-08-01,12.5,453.9475238095239
1674,2017-08-02,12.5,465.2272857142859
1675,2017-08-03,12.5,465.3308095238099
1676,2017-08-04,12.5,461.49076190476165
1677,2017-08-05,12.5,398.29195238095224
1678,2017-08-06,12.5,360.84652380952383
1679,2017-08-07,12.5,470.0282857142855
1680,2017-08-08,12.5,480.72690476190485
1681,2017-08-09,12.5,525.6683333333333
1682,2017-08-10,12.5,486.2227619047618
1683,2017-08-11,12.5,485.7144285714285
1684,2017-08-12,12.5,398.3471428571432
1685,2017-08-13,12.5,348.70138095238104
1686,2017-08-14,12.5,451.53657142857145
1687,2017-08-15,12.5,404.96085714285715
1688,2017-08-16,12.5,483.41461904761917
1689,2017-08-17,12.5,489.48623809523787
1690,2017-08-18,12.5,490.358714285714
1691,2017-08-19,12.5,412.99357142857144
1692,2017-08-20,12.5,374.27704761904755
1693,2017-08-21,12.5,490.99661904761905
1694,2017-08-22,12.5,505.0274761904764
1695,2017-08-23,12.5,514.9299999999997
1696,2017-08-24,12.5,518.0714761904762
1697,2017-08-25,12.5,497.4741904761903
1698,2017-08-26,12.5,416.55823809523815
1699,2017-08-27,12.5,372.9978571428572
1700,2017-08-28,12.5,492.6040476190478
1701,2017-08-29,12.5,498.5050952380951
1702,2017-08-30,12.5,498.1542857142859
1703,2017-08-31,12.5,503.13700000000017
1704,2017-09-01,12.5,505.99561309523824
1705,2017-09-02,12.5,434.29807142857146
1706,2017-09-03,12.5,389.491511904762
1707,2017-09-04,12.5,499.05613690476196
1708,2017-09-05,12.5,512.9800000000001
1709,2017-09-06,12.5,514.6930297619047
1710,2017-09-07,12.5,522.6183749999999
1711,2017-09-08,12.5,517.8670892857148
1712,2017-09-09,12.5,447.0639226190478
1713,2017-09-10,12.5,400.2479285714285
1714,2017-09-11,12.5,498.63541071428597
1715,2017-09-12,12.5,525.1002380952382
1716,2017-09-13,12.5,530.3584345238094
1717,2017-09-14,12.5,525.7784285714289
1718,2017-09-15,12.5,521.3436071428573
1719,2017-09-16,12.5,455.049666666667
1720,2017-09-17,12.5,406.62218452380944
1721,2017-09-18,12.5,507.0131190476193
1722,2017-09-19,12.5,527.6044880952379
1723,2017-09-20,12.5,522.877005952381
1724,2017-09-21,12.5,534.2268452380954
1725,2017-09-22,12.5,524.5066190476193
1726,2017-09-23,12.5,463.1565416666667
1727,2017-09-24,12.5,418.0989821428574
1728,2017-09-25,12.5,508.9247619047621
1729,2017-09-26,12.5,524.0661011904763
1730,2017-09-27,12.5,526.223119047619
1731,2017-09-28,12.5,524.2307440476192
1732,2017-09-29,12.5,537.6340654761904
1733,2017-09-30,12.5,471.47008928571404
1734,2017-10-01,12.5,444.4044761904762
1735,2017-10-02,12.5,421.2240773809524
1736,2017-10-03,12.5,402.2720833333334
1737,2017-10-04,12.5,380.7986845238096
1738,2017-10-05,12.5,382.6298095238094
1739,2017-10-06,12.5,417.4708988095234
1740,2017-10-07,12.5,422.83624404761895
1741,2017-10-08,12.5,405.2974285714287
1742,2017-10-09,12.5,444.36349404761904
1743,2017-10-10,12.5,511.7113749999999
1744,2017-10-11,12.5,568.8180357142859
1745,2017-10-12,12.5,652.6879107142859
1746,2017-10-13,12.5,678.9504761904761
1747,2017-10-14,12.5,647.3534464285711
1748,2017-10-15,12.5,601.5124880952379
1749,2017-10-16,12.5,640.5404880952385
1750,2017-10-17,12.5,663.9686785714285
1751,2017-10-18,12.5,664.4686011904762
1752,2017-10-19,12.5,649.3810238095239
1753,2017-10-20,12.5,641.7602202380955
1754,2017-10-21,12.5,586.9840595238097
1755,2017-10-22,12.5,573.5260178571428
1756,2017-10-23,12.5,696.8412083333334
1757,2017-10-24,12.5,709.7944999999997
1758,2017-10-25,12.5,711.089755952381
1759,2017-10-26,12.5,725.4479523809524
1760,2017-10-27,12.5,684.4139047619047
1761,2017-10-28,12.5,629.5339999999999
1762,2017-10-29,12.5,690.0419047619047
1763,2017-10-30,12.5,928.7058392857145
1764,2017-10-31,12.5,924.8101904761908
1765,2017-11-01,12.5,830.0610773809522
1766,2017-11-02,12.5,779.034333333333
1767,2017-11-03,12.5,845.1907083333331
1768,2017-11-04,12.5,902.5338333333337
1769,2017-11-05,12.5,906.7041130952384
1770,2017-11-06,12.5,928.756065476191
1771,2017-11-07,12.5,885.965148809523
1772,2017-11-08,12.5,868.6786726190476
1773,2017-11-09,12.5,975.6791488095236
1774,2017-11-10,12.5,1007.3771845238099
1775,2017-11-11,12.5,1046.1083154761905
1776,2017-11-12,12.5,1061.427148809523
1777,2017-11-13,12.5,1178.908791666666
1778,2017-11-14,12.5,1168.6431011904763
1779,2017-11-15,12.5,1350.5271071428565
1780,2017-11-16,12.5,1465.3042023809521
1781,2017-11-17,12.5,1519.267589285714
1782,2017-11-18,12.5,1582.1757380952386
1783,2017-11-19,12.5,1607.2259702380954
1784,2017-11-20,12.5,1726.5879047619046
1785,2017-11-21,12.5,1685.3037738095245
1786,2017-11-22,12.5,1568.7639821428575
1787,2017-11-23,12.5,1649.396107142857
1788,2017-11-24,12.5,1670.678160714286
1789,2017-11-25,12.5,1536.0390416666676
1790,2017-11-26,12.5,1365.0704107142858
1791,2017-11-27,12.5,1566.2652797619046
1792,2017-11-28,12.5,1471.3831369047616
1793,2017-11-29,12.5,1485.445529761905
1794,2017-11-30,12.5,1753.5204345238096
1795,2017-12-01,12.5,1827.0912797619046
1796,2017-12-02,12.5,1572.2779047619056
1797,2017-12-03,12.5,1398.7007083333333
1798,2017-12-04,12.5,1727.8764880952378
1799,2017-12-05,12.5,1958.3606011904762
1800,2017-12-06,12.5,1798.5925773809518
1801,2017-12-07,12.5,1728.3434285714286
1802,2017-12-08,12.5,1895.7059404761906
1803,2017-12-09,12.5,1685.1418511904758
1804,2017-12-10,12.5,1604.2429702380953
1805,2017-12-11,12.5,2106.540666666666
1806,2017-12-12,12.5,2335.254523809523
1807,2017-12-13,12.5,2312.8851309523807
1808,2017-12-14,12.5,2308.2542559523818
1809,2017-12-15,12.5,2163.9003214285726
1810,2017-12-16,12.5,2036.5678273809535
1811,2017-12-17,12.5,2050.5412500000007
1812,2017-12-18,12.5,2061.754535714286
1813,2017-12-19,12.5,2102.209113095238
1814,2017-12-20,12.5,2143.629166666667
1815,2017-12-21,12.5,1976.7050595238106
1816,2017-12-22,12.5,1826.0404345238096
1817,2017-12-23,12.5,1492.789303571428
1818,2017-12-24,12.5,1443.5169523809516
1819,2017-12-25,12.5,1669.5319166666663
1820,2017-12-26,12.5,1973.1461369047624
1821,2017-12-27,12.5,2138.694690476191
1822,2017-12-28,12.5,2009.3224047619046
1823,2017-12-29,12.5,1752.1444880952383
1824,2017-12-30,12.5,1613.9742559523806
1825,2017-12-31,12.5,1545.1879404761905
1826,2018-01-01,12.5,1620.436303571428
1827,2018-01-02,12.5,1855.8589999999992
1828,2018-01-03,12.5,1994.4892202380968
1829,2018-01-04,12.5,2042.228964285714
1830,2018-01-05,12.5,1946.550761904762
1831,2018-01-06,12.5,1817.8757559523808
1832,2018-01-07,12.5,1757.5895059523814
1833,2018-01-08,12.5,1836.393660714285
1834,2018-01-09,12.5,1984.7084583333337
1835,2018-01-10,12.5,2170.894404761905
1836,2018-01-11,12.5,2425.3774761904765
1837,2018-01-12,12.5,2480.394398809525
1838,2018-01-13,12.5,2113.8148452380956
1839,2018-01-14,12.5,1845.9623630952392
1840,2018-01-15,12.5,1734.538422619048
1841,2018-01-16,12.5,1702.1558630952381
1842,2018-01-17,12.5,1595.4810833333336
1843,2018-01-18,12.5,1618.035559523809
1844,2018-01-19,12.5,1664.9838869047617
1845,2018-01-20,12.5,1542.4621726190471
1846,2018-01-21,12.5,1531.8155714285713
1847,2018-01-22,12.5,1761.373547619048
1848,2018-01-23,12.5,2318.2306488095223
1849,2018-01-24,12.5,2627.0812738095224
1850,2018-01-25,12.5,2733.8623749999997
1851,2018-01-26,12.5,2824.474345238096
1852,2018-01-27,12.5,2527.3039285714285
1853,2018-01-28,12.5,2202.6942678571418
1854,2018-01-29,12.5,2451.9810892857136
1855,2018-01-30,12.5,2349.431327380952
1856,2018-01-31,12.5,2166.8735476190477
1857,2018-02-01,12.5,2134.8575357142845
1858,2018-02-02,12.5,2060.2282857142845
1859,2018-02-03,12.5,2090.35455357143
1860,2018-02-04,12.5,2188.7977321428575
1861,2018-02-05,12.5,2418.7790654761907
1862,2018-02-06,12.5,2504.3239166666654
1863,2018-02-07,12.5,2434.8735892857144
1864,2018-02-08,12.5,2230.4722738095224
1865,2018-02-09,12.5,2023.8196011904754
1866,2018-02-10,12.5,1839.5677023809517
1867,2018-02-11,12.5,1977.7491309523816
1868,2018-02-12,12.5,2200.4406130952375
1869,2018-02-13,12.5,2016.3875297619043
1870,2018-02-14,12.5,1741.8078988095242
1871,2018-02-15,12.5,1562.1937023809521
1872,2018-02-16,12.5,1474.5059285714278
1873,2018-02-17,12.5,1620.571416666665
1874,2018-02-18,12.5,1661.841273809524
1875,2018-02-19,12.5,1738.2859999999996
1876,2018-02-20,12.5,1731.5604464285705
1877,2018-02-21,12.5,1789.0279226190476
1878,2018-02-22,12.5,1749.9998928571408
1879,2018-02-23,12.5,1614.9855357142853
1880,2018-02-24,12.5,1469.426297619048
1881,2018-02-25,12.5,1437.9588988095234
1882,2018-02-26,12.5,1566.6519880952383
1883,2018-02-27,12.5,1559.7122738095231
1884,2018-02-28,12.5,1544.3431607142857
1885,2018-03-01,12.5,1569.4551845238093
1886,2018-03-02,12.5,1705.7091785714279
1887,2018-03-03,12.5,1336.281285714287
1888,2018-03-04,12.5,1171.6040178571432
1889,2018-03-05,12.5,1381.5784166666667
1890,2018-03-06,12.5,1410.3906607142858
1891,2018-03-07,12.5,1402.4576666666662
1892,2018-03-08,12.5,1428.0022559523804
1893,2018-03-09,12.5,1403.4235952380955
1894,2018-03-10,12.5,1315.1070892857144
1895,2018-03-11,12.5,1189.8609404761903
1896,2018-03-12,12.5,1271.1561666666669
1897,2018-03-13,12.5,1138.3049642857145
1898,2018-03-14,12.5,954.2659047619045
1899,2018-03-15,12.5,983.3282023809522
1900,2018-03-16,12.5,1103.7859999999996
1901,2018-03-17,12.5,1078.8233214285715
1902,2018-03-18,12.5,1039.369565476191
1903,2018-03-19,12.5,1220.1977380952385
1904,2018-03-20,12.5,1364.72818452381
1905,2018-03-21,12.5,1515.2607440476183
1906,2018-03-22,12.5,1370.522904761905
1907,2018-03-23,12.5,1297.3368035714284
1908,2018-03-24,12.5,1138.309803571428
1909,2018-03-25,12.5,1026.667720238095
1910,2018-03-26,12.5,1066.084613095238
1911,2018-03-27,12.5,982.4962738095239
1912,2018-03-28,12.5,914.8094047619046
1913,2018-03-29,12.5,854.8029821428572
1914,2018-03-30,12.5,837.4473928571424
1915,2018-03-31,12.5,755.8257738095236
1916,2018-04-01,12.5,700.8187202380952
1917,2018-04-02,12.5,723.6630357142858
1918,2018-04-03,12.5,715.4109880952378
1919,2018-04-04,12.5,787.5599047619047
1920,2018-04-05,12.5,970.5266071428573
1921,2018-04-06,12.5,1092.1647559523815
1922,2018-04-07,12.5,1140.6702976190472
1923,2018-04-08,12.5,1146.7321428571431
1924,2018-04-09,12.5,1130.8276785714281
1925,2018-04-10,12.5,971.2759761904758
1926,2018-04-11,12.5,891.1002916666673
1927,2018-04-12,12.5,878.423083333333
1928,2018-04-13,12.5,859.7613452380951
1929,2018-04-14,12.5,902.9566190476189
1930,2018-04-15,12.5,861.6131071428575
1931,2018-04-16,12.5,903.7596309523802
1932,2018-04-17,12.5,871.0134404761908
1933,2018-04-18,12.5,851.9372261904764
1934,2018-04-19,12.5,812.9037738095242
1935,2018-04-20,12.5,732.2784107142858
1936,2018-04-21,12.5,623.8065654761907
1937,2018-04-22,12.5,617.112357142857
1938,2018-04-23,12.5,865.9655892857141
1939,2018-04-24,12.5,850.2310297619046
1940,2018-04-25,12.5,798.1894107142854
1941,2018-04-26,12.5,757.2323809523805
1942,2018-04-27,12.5,721.168386904762
1943,2018-04-28,12.5,640.7185297619045
1944,2018-04-29,12.5,599.4136845238094
1945,2018-04-30,12.5,631.7995238095239
1946,2018-05-01,12.5,574.7155059523809
1947,2018-05-02,12.5,662.9490119047621
1948,2018-05-03,12.5,746.8086249999999
1949,2018-05-04,12.5,725.0926904761906
1950,2018-05-05,12.5,588.7671428571432
1951,2018-05-06,12.5,548.0252678571428
1952,2018-05-07,12.5,568.9926071428569
1953,2018-05-08,12.5,640.4173035714286
1954,2018-05-09,12.5,675.5532142857143
1955,2018-05-10,12.5,671.5227142857145
1956,2018-05-11,12.5,666.3217916666667
1957,2018-05-12,12.5,654.3615297619049
1958,2018-05-13,12.5,579.9427202380953
1959,2018-05-14,12.5,630.5372559523807
1960,2018-05-15,12.5,614.5484880952384
1961,2018-05-16,12.5,621.2581309523808
1962,2018-05-17,12.5,624.697005952381
1963,2018-05-18,12.5,627.6820654761904
1964,2018-05-19,12.5,564.2188869047619
1965,2018-05-20,12.5,525.3450952380952
1966,2018-05-21,12.5,603.1772916666664
1967,2018-05-22,12.5,577.7912619047623
1968,2018-05-23,12.5,629.0162738095237
1969,2018-05-24,12.5,624.5236904761904
1970,2018-05-25,12.5,607.611136904762
1971,2018-05-26,12.5,526.7657023809523
1972,2018-05-27,12.5,474.6694702380952
1973,2018-05-28,12.5,572.8456904761905
1974,2018-05-29,12.5,582.0037500000001
1975,2018-05-30,12.5,584.5916904761905
1976,2018-05-31,12.5,588.5146845238096
1977,2018-06-01,12.5,577.9279464285715
1978,2018-06-02,12.5,492.83835119047626
1979,2018-06-03,12.5,442.04201190476175
1980,2018-06-04,12.5,567.0554107142858
1981,2018-06-05,12.5,584.3708333333333
1982,2018-06-06,12.5,512.4005833333334
1983,2018-06-07,12.5,579.3764821428571
1984,2018-06-08,12.5,579.9432916666668
1985,2018-06-09,12.5,493.9860714285711
1986,2018-06-10,12.5,442.93230357142863
1987,2018-06-11,12.5,562.4196666666667
1988,2018-06-12,12.5,579.1186607142859
1989,2018-06-13,12.5,509.44386309523793
1990,2018-06-14,12.5,569.3303154761907
1991,2018-06-15,12.5,577.5772261904763
1992,2018-06-16,12.5,481.08276785714304
1993,2018-06-17,12.5,430.1523928571428
1994,2018-06-18,12.5,551.2396607142856
1995,2018-06-19,12.5,566.9784226190475
1996,2018-06-20,12.5,555.0418035714288
1997,2018-06-21,12.5,544.6620833333336
1998,2018-06-22,12.5,537.8301250000001
1999,2018-06-23,12.5,448.1562142857144
2000,2018-06-24,12.5,398.1952202380954
2001,2018-06-25,12.5,523.723065476191
2002,2018-06-26,12.5,539.1881369047621
2003,2018-06-27,12.5,534.3718095238097
2004,2018-06-28,12.5,541.0377023809525
2005,2018-06-29,12.5,536.8322559523813
2006,2018-06-30,12.5,442.30449999999973
2007,2018-07-01,12.5,404.2119523809526
2008,2018-07-02,12.5,528.5539702380953
2009,2018-07-03,12.5,543.6219523809528
2010,2018-07-04,12.5,543.885208333333
2011,2018-07-05,12.5,541.2656071428576
2012,2018-07-06,12.5,528.5571845238095
2013,2018-07-07,12.5,435.63059523809545
2014,2018-07-08,12.5,393.374910714286
2015,2018-07-09,12.5,517.765797619048
2016,2018-07-10,12.5,538.5486904761906
2017,2018-07-11,12.5,552.6441428571432
2018,2018-07-12,12.5,551.1052083333335
2019,2018-07-13,12.5,539.1142202380959
2020,2018-07-14,12.5,442.2891190476193
2021,2018-07-15,12.5,398.74335714285735
2022,2018-07-16,12.5,523.7920059523809
2023,2018-07-17,12.5,543.974660714286
2024,2018-07-18,12.5,533.9057321428572
2025,2018-07-19,12.5,535.8139107142858
2026,2018-07-20,12.5,527.9351904761907
2027,2018-07-21,12.5,437.7902857142855
2028,2018-07-22,12.5,384.1480654761906
2029,2018-07-23,12.5,522.1689226190481
2030,2018-07-24,12.5,543.8531309523809
2031,2018-07-25,12.5,539.7328214285716
2032,2018-07-26,12.5,538.3307023809524
2033,2018-07-27,12.5,533.185101190476
2034,2018-07-28,12.5,432.3502916666669
2035,2018-07-29,12.5,374.3268035714286
2036,2018-07-30,12.5,490.4990714285714
2037,2018-07-31,12.5,494.3665357142859
2038,2018-08-01,12.5,485.70865476190477
2039,2018-08-02,12.5,478.39854761904746
2040,2018-08-03,12.5,473.7539464285716
2041,2018-08-04,12.5,391.77115476190477
2042,2018-08-05,12.5,371.5047083333333
2043,2018-08-06,12.5,491.95367857142895
2044,2018-08-07,12.5,500.3176011904763
2045,2018-08-08,12.5,505.4196249999998
2046,2018-08-09,12.5,510.64922023809515
2047,2018-08-10,12.5,507.25977976190467
2048,2018-08-11,12.5,412.1846488095239
2049,2018-08-12,12.5,361.1080833333331
2050,2018-08-13,12.5,501.9941666666666
2051,2018-08-14,12.5,517.721851190476
2052,2018-08-15,12.5,426.2916964285715
2053,2018-08-16,12.5,524.9246428571429
2054,2018-08-17,12.5,498.9946428571429
2055,2018-08-18,12.5,396.9066250000001
2056,2018-08-19,12.5,355.24668452380945
2057,2018-08-20,12.5,494.14544047619046
2058,2018-08-21,12.5,513.1059464285715
2059,2018-08-22,12.5,518.750113095238
2060,2018-08-23,12.5,514.7346964285715
2061,2018-08-24,12.5,504.74782738095246
2062,2018-08-25,12.5,411.70592857142884
2063,2018-08-26,12.5,368.0187738095237
2064,2018-08-27,12.5,492.44966666666664
2065,2018-08-28,12.5,524.3424821428572
2066,2018-08-29,12.5,530.5165595238097
2067,2018-08-30,12.5,531.1334464285716
2068,2018-08-31,12.5,523.2328571428573
2069,2018-09-01,12.5,436.3449345238094
2070,2018-09-02,12.5,388.93516666666665
2071,2018-09-03,12.5,522.9801011904761
2072,2018-09-04,12.5,538.438279761905
2073,2018-09-05,12.5,539.5485238095238
2074,2018-09-06,12.5,548.0598928571428
2075,2018-09-07,12.5,536.6517857142857
2076,2018-09-08,12.5,455.1177023809522
2077,2018-09-09,12.5,411.63810714285745
2078,2018-09-10,12.5,531.390351190476
2079,2018-09-11,12.5,546.1058809523811
2080,2018-09-12,12.5,543.1450892857146
2081,2018-09-13,12.5,539.1622083333331
2082,2018-09-14,12.5,540.633375
2083,2018-09-15,12.5,461.279363095238
2084,2018-09-16,12.5,418.5881011904762
2085,2018-09-17,12.5,527.189523809524
2086,2018-09-18,12.5,549.6714226190476
2087,2018-09-19,12.5,549.2559523809521
2088,2018-09-20,12.5,551.5650952380951
2089,2018-09-21,12.5,537.3182559523809
2090,2018-09-22,12.5,439.7941130952383
2091,2018-09-23,12.5,393.5250119047617
2092,2018-09-24,12.5,366.735142857143
2093,2018-09-25,12.5,397.04708928571415
2094,2018-09-26,12.5,451.14358928571414
2095,2018-09-27,12.5,543.7683630952376
2096,2018-09-28,12.5,575.2111726190476
2097,2018-09-29,12.5,507.832994047619
2098,2018-09-30,12.5,476.2363095238095
2099,2018-10-01,12.5,604.2400416666668
2100,2018-10-02,12.5,623.4044940476191
2101,2018-10-03,12.5,573.522029761905
2102,2018-10-04,12.5,598.9903392857142
2103,2018-10-05,12.5,626.305291666667
2104,2018-10-06,12.5,561.0855178571426
2105,2018-10-07,12.5,517.2023452380951
2106,2018-10-08,12.5,638.9392142857142
2107,2018-10-09,12.5,639.1130178571428
2108,2018-10-10,12.5,748.7889999999998
2109,2018-10-11,12.5,848.9903452380955
2110,2018-10-12,12.5,850.6613273809517
2111,2018-10-13,12.5,757.9393214285716
2112,2018-10-14,12.5,700.478625
2113,2018-10-15,12.5,731.4487321428571
2114,2018-10-16,12.5,746.5603154761905
2115,2018-10-17,12.5,788.6765952380954
2116,2018-10-18,12.5,836.6785000000004
2117,2018-10-19,12.5,814.4612321428573
2118,2018-10-20,12.5,739.0062380952378
2119,2018-10-21,12.5,697.9426488095241
2120,2018-10-22,12.5,774.7109404761902
2121,2018-10-23,12.5,823.4446011904769
2122,2018-10-24,12.5,817.7382142857141
2123,2018-10-25,12.5,810.724625
2124,2018-10-26,12.5,843.1082916666667
2125,2018-10-27,12.5,893.210416666667
2126,2018-10-28,12.5,906.3952797619048
2127,2018-10-29,12.5,1060.26944047619
2128,2018-10-30,12.5,1141.991720238095
2129,2018-10-31,12.5,1106.6219880952378
2130,2018-11-01,12.5,1087.8233690476195
2131,2018-11-02,12.5,1014.9087261904764
2132,2018-11-03,12.5,894.0581071428578
2133,2018-11-04,12.5,846.5961249999997
2134,2018-11-05,12.5,922.076089285714
2135,2018-11-06,12.5,928.8516190476195
2136,2018-11-07,12.5,909.7399345238096
2137,2018-11-08,12.5,941.9573214285712
2138,2018-11-09,12.5,931.9459285714287
2139,2018-11-10,12.5,838.8573273809527
2140,2018-11-11,12.5,906.0975833333335
2141,2018-11-12,12.5,1051.227124999999
2142,2018-11-13,12.5,1070.3584702380954
2143,2018-11-14,12.5,1055.6898095238098
2144,2018-11-15,12.5,1053.7016488095242
2145,2018-11-16,12.5,1066.7895119047614
2146,2018-11-17,12.5,1103.7933928571426
2147,2018-11-18,12.5,1086.9512321428574
2148,2018-11-19,12.5,1192.9923869047623
2149,2018-11-20,12.5,1256.7103333333341
2150,2018-11-21,12.5,1293.6746011904766
2151,2018-11-22,12.5,1434.5018690476195
2152,2018-11-23,12.5,1505.0440059523812
2153,2018-11-24,12.5,1415.587386904762
2154,2018-11-25,12.5,1259.8584523809518
2155,2018-11-26,12.5,1327.743095238095
2156,2018-11-27,12.5,1304.0520178571428
2157,2018-11-28,12.5,1352.9612738095238
2158,2018-11-29,12.5,1436.4758869047612
2159,2018-11-30,12.5,1456.8948095238095
2160,2018-12-01,12.5,1302.4788035714284
2161,2018-12-02,12.5,1206.8187857142857
2162,2018-12-03,12.5,1197.8796964285716
2163,2018-12-04,12.5,1288.6521190476187
2164,2018-12-05,12.5,1620.6158095238095
2165,2018-12-06,12.5,1582.3456071428566
2166,2018-12-07,12.5,2009.6827559523808
2167,2018-12-08,12.5,2031.962684523809
2168,2018-12-09,12.5,2007.6379583333346
2169,2018-12-10,12.5,2037.0622976190477
2170,2018-12-11,12.5,1927.5476726190477
2171,2018-12-12,12.5,1932.4048095238093
2172,2018-12-13,12.5,1981.154785714285
2173,2018-12-14,12.5,2044.7185654761897
2174,2018-12-15,12.5,1885.3054821428575
2175,2018-12-16,12.5,1722.4466428571423
2176,2018-12-17,12.5,1741.2950714285714
2177,2018-12-18,12.5,1729.054452380953
2178,2018-12-19,12.5,1604.6074523809525
2179,2018-12-20,12.5,1609.7876547619048
2180,2018-12-21,12.5,1554.7125952380952
2181,2018-12-22,12.5,1326.8123571428578
2182,2018-12-23,12.5,1372.1593809523806
2183,2018-12-24,12.5,1726.3428154761905
2184,2018-12-25,12.5,1622.9763035714284
2185,2018-12-26,12.5,1810.5866785714288
2186,2018-12-27,12.5,2284.040345238096
2187,2018-12-28,12.5,2427.115863095237
2188,2018-12-29,12.5,2208.0993511904767
2189,2018-12-30,12.5,2104.9080119047608
2190,2018-12-31,12.5,2182.741119047618
